customer_id,customer_fname
1,Richard
2,Mary
3,Ann
4,Mary
5,Robert
6,Mary
7,Melissa
8,Megan
9,Mary
10,Melissa
11,Mary
12,Christopher
13,Mary
14,Katherine
15,Jane
16,Tiffany
17,Mary
18,Robert
19,Stephanie
20,Mary
21,William
22,Joseph
23,Benjamin
24,Mary
25,Paul
26,Johnny
27,Mary
28,Timothy
29,Mary
30,Barbara
31,Mary
32,Alice
33,Adam
34,Mary
35,Margaret
36,Michelle
37,Virginia
38,Mary
39,Juan
40,Mary
41,Victoria
42,Ethan
43,Mary
44,Howard
45,Mary
46,Jennifer
47,Lori
48,Mary
49,Martha
50,Mary
51,Jessica
52,Mary
53,Katherine
54,Mary
55,Janet
56,Mary
57,Mary
58,Michael
59,Douglas
60,Mary
61,Margaret
62,Mary
63,Aaron
64,Mary
65,Jennifer
66,Mary
67,Samantha
68,Mary
69,Megan
70,Mary
71,Charles
72,Frank
73,Mary
74,Alice
75,Mary
76,Joseph
77,Shirley
78,Jeremy
79,Mary
80,Joe
81,Mary
82,Jonathan
83,Mary
84,Douglas
85,Mary
86,John
87,Gloria
88,Mary
89,Sean
90,Mary
91,Ashley
92,Alexander
93,Mary
94,Mary
95,Susan
96,Virginia
97,Mary
98,William
99,Betty
100,George
101,Mary
102,Gregory
103,Mary
104,Debra
105,Mary
106,Lauren
107,Mary
108,Joshua
109,Mary
110,David
111,Frank
112,Mary
113,Patricia
114,Alice
115,Mary
116,John
117,Mary
118,Katherine
119,Mary
120,Nancy
121,Mary
122,Karen
123,Mary
124,Judy
125,Mary
126,Austin
127,Mary
128,Rose
129,Crystal
130,Mary
131,Brenda
132,Eric
133,Mary
134,Donna
135,Mary
136,Ryan
137,Jonathan
138,Mary
139,Daniel
140,Amanda
141,Mary
142,Heather
143,Mary
144,David
145,Joan
146,Amber
147,Mary
148,Stephanie
149,Shirley
150,Mary
151,Lisa
152,Mary
153,Andrew
154,Emily
155,Brittany
156,Mary
157,Catherine
158,Mary
159,John
160,Ashley
161,Mary
162,John
163,Austin
164,Mary
165,Joseph
166,Steven
167,Stephanie
168,Eric
169,Debra
170,Mary
171,Evelyn
172,Lauren
173,Jose
174,Mary
175,Ronald
176,Amy
177,Mary
178,Keith
179,Mary
180,Juan
181,Mary
182,James
183,Wayne
184,Mary
185,Deborah
186,Diane
187,Mildred
188,Mary
189,Angela
190,Mary
191,Victoria
192,Mary
193,Melissa
194,Mary
195,Richard
196,Thomas
197,Ruth
198,Mary
199,Cynthia
200,Keith
201,Mary
202,Sharon
203,Madison
204,Mary
205,Ryan
206,Mary
207,Jose
208,Mary
209,Thomas
210,Jonathan
211,Mary
212,Roger
213,Mary
214,Lauren
215,Mary
216,Martha
217,Mary
218,Charles
219,Mary
220,Janet
221,Mary
222,Frank
223,Ralph
224,Mary
225,Megan
226,Rose
227,Mary
228,Jessica
229,Mary
230,Kimberly
231,Mary
232,Gloria
233,Hannah
234,Mary
235,David
236,Ashley
237,Mary
238,Charles
239,Mary
240,David
241,Janet
242,Mary
243,Deborah
244,Mary
245,Deborah
246,Mary
247,Angela
248,Christina
249,Mary
250,Julie
251,Kelly
252,Mary
253,Nancy
254,Diana
255,Mary
256,David
257,Mary
258,Aaron
259,Mary
260,Kenneth
261,Mary
262,Mary
263,Margaret
264,Mary
265,Michelle
266,Mary
267,Richard
268,Mary
269,Jeffrey
270,Janet
271,Justin
272,Mary
273,Benjamin
274,Mary
275,Robert
276,Christina
277,Roger
278,Mary
279,Anna
280,Mary
281,Stephanie
282,Zachary
283,Mary
284,John
285,Shirley
286,Mary
287,Andrew
288,Judith
289,Diana
290,Mary
291,John
292,Mary
293,Christopher
294,Mary
295,Julie
296,Mary
297,Catherine
298,Mary
299,Katherine
300,Mary
301,Arthur
302,Mary
303,Thomas
304,Christopher
305,Mary
306,Alan
307,Mary
308,Alan
309,Phillip
310,Mary
311,Michael
312,Jack
313,Mary
314,Maria
315,Danielle
316,Mary
317,Deborah
318,Samantha
319,Arthur
320,Mary
321,David
322,Barbara
323,Joshua
324,Jean
325,Mary
326,Shirley
327,Mary
328,William
329,Samantha
330,Mary
331,Alexander
332,Mary
333,Elizabeth
334,Kathleen
335,Mary
336,Ruth
337,Mary
338,Ryan
339,Mary
340,Theresa
341,Mary
342,Jerry
343,Douglas
344,Mary
345,John
346,Edward
347,Bryan
348,Mary
349,Aaron
350,Mary
351,John
352,Gregory
353,Mary
354,Edward
355,Katherine
356,Roger
357,Mary
358,Megan
359,Mary
360,Ashley
361,Alexander
362,Mary
363,Jennifer
364,Jason
365,Shirley
366,Larry
367,Mary
368,Pamela
369,Madison
370,Mary
371,Adam
372,Mary
373,George
374,Mary
375,Mark
376,Grace
377,Mary
378,John
379,David
380,Linda
381,Katherine
382,Mary
383,Evelyn
384,Mildred
385,Mary
386,Janet
387,Mary
388,Robert
389,Angela
390,Mary
391,Gloria
392,Beverly
393,Mary
394,David
395,Edward
396,Deborah
397,Mary
398,Teresa
399,Mary
400,Matthew
401,Bobby
402,Mary
403,Nancy
404,Mary
405,Kathleen
406,Grace
407,Mary
408,Elizabeth
409,Kevin
410,Jack
411,Mary
412,Cynthia
413,Mary
414,Pamela
415,Mary
416,Rachel
417,Teresa
418,Mary
419,James
420,Jose
421,Mary
422,Deborah
423,Mary
424,Stephen
425,Mary
426,Susan
427,Paul
428,Andrew
429,Mary
430,Mary
431,Michael
432,Bruce
433,Mary
434,Michael
435,Joan
436,Mary
437,Cynthia
438,Diane
439,Rose
440,Mary
441,Aaron
442,Mary
443,Barbara
444,Walter
445,Mary
446,Scott
447,Mary
448,Hannah
449,Mary
450,Kathryn
451,Mary
452,Carl
453,Mary
454,Robert
455,Jeffrey
456,Douglas
457,Mary
458,Charles
459,Sean
460,Vincent
461,Mary
462,Sean
463,Harry
464,Mary
465,Shawn
466,Mary
467,James
468,Mary
469,Randy
470,Mary
471,Helen
472,Mary
473,Jason
474,Mary
475,Brittany
476,Mary
477,Dylan
478,Mary
479,Christopher
480,Mary
481,Ann
482,Megan
483,Mary
484,Shirley
485,Mary
486,John
487,Kenneth
488,Mary
489,William
490,Sandra
491,Debra
492,Mary
493,Joseph
494,Mary
495,Marilyn
496,Mary
497,Amanda
498,Kyle
499,Mary
500,Nicholas
501,Mary
502,Jennifer
503,Rachel
504,Cheryl
505,Mary
506,Richard
507,Steven
508,Ronald
509,Mary
510,Joseph
511,Doris
512,Mary
513,Tyler
514,Mary
515,Helen
516,Mary
517,John
518,Elizabeth
519,Hannah
520,Mary
521,James
522,William
523,Christopher
524,Catherine
525,Mary
526,Kimberly
527,Mary
528,Susan
529,Kathy
530,Mary
531,Paul
532,Mark
533,Olivia
534,Mary
535,Patricia
536,Elizabeth
537,Mary
538,Joshua
539,Marilyn
540,Mary
541,Amanda
542,Mary
543,Alice
544,Mary
545,Joe
546,Mary
547,Kathleen
548,Ryan
549,Mary
550,Betty
551,Doris
552,Mary
553,Eugene
554,Mary
555,Mildred
556,Nathan
557,Mary
558,Michael
559,Paul
560,Emma
561,Ralph
562,Mary
563,Harry
564,Mary
565,Christian
566,Mary
567,Donna
568,Sean
569,Mary
570,Julia
571,Mary
572,Bobby
573,Mary
574,Randy
575,Mary
576,Arthur
577,Mary
578,Dylan
579,Mary
580,Kimberly
581,Mary
582,Kenneth
583,Mary
584,Tyler
585,Mary
586,Patricia
587,Patrick
588,Roy
589,Mary
590,Paul
591,Rose
592,Mary
593,Juan
594,Mary
595,Brian
596,Mary
597,Samantha
598,Mary
599,Doris
600,Mary
601,Patricia
602,Rebecca
603,Austin
604,Mary
605,Donald
606,Mary
607,Richard
608,Carol
609,Kevin
610,Mary
611,Lisa
612,Mary
613,Emma
614,Jack
615,Mary
616,Nancy
617,Stephanie
618,Mary
619,Matthew
620,Roger
621,Mary
622,Karen
623,Judith
624,Mary
625,Terry
626,Mary
627,Robert
628,Margaret
629,Matthew
630,Jacob
631,Mary
632,George
633,Mary
634,Jack
635,Mary
636,Albert
637,Mary
638,Michael
639,Elizabeth
640,Jean
641,Mary
642,Timothy
643,Tammy
644,Mary
645,Mary
646,Tammy
647,Mary
648,Ashley
649,Mary
650,Austin
651,Mary
652,Joseph
653,Jason
654,Mary
655,Joseph
656,Julie
657,Mary
658,Peter
659,Mary
660,Shirley
661,Mary
662,Michelle
663,Mary
664,Bobby
665,Mary
666,Amanda
667,Mary
668,Phillip
669,Mary
670,Mary
671,Anthony
672,Mary
673,James
674,Jose
675,Mary
676,Robert
677,Justin
678,Cheryl
679,Grace
680,Brittany
681,Mary
682,Emma
683,Mary
684,Christopher
685,Crystal
686,Mary
687,Ronald
688,Kathy
689,Mary
690,Michael
691,Mary
692,Ann
693,Mary
694,Barbara
695,Sara
696,Mary
697,Harold
698,Mary
699,Raymond
700,Mary
701,Joseph
702,Cynthia
703,Joan
704,Mary
705,Timothy
706,Olivia
707,Shawn
708,Mary
709,Matthew
710,Mary
711,Barbara
712,Mary
713,James
714,Mark
715,Mary
716,Louis
717,Mary
718,Alexander
719,Mary
720,Thomas
721,Catherine
722,Diane
723,Mary
724,Lawrence
725,Mary
726,Barbara
727,Mary
728,Anthony
729,Andrew
730,Mary
731,Robert
732,David
733,Alice
734,Mary
735,Charles
736,Carol
737,Lawrence
738,Mary
739,Daniel
740,Brandon
741,Johnny
742,Mary
743,Cynthia
744,Gary
745,Mary
746,Christopher
747,Mary
748,Olivia
749,Jesse
750,Mary
751,Benjamin
752,Mary
753,Sandra
754,Jacqueline
755,Mary
756,Robert
757,Jane
758,Mary
759,Donna
760,Emma
761,Sara
762,Mary
763,Michael
764,David
765,Diane
766,Mary
767,Christine
768,Mary
769,Lori
770,Mary
771,Patricia
772,Mary
773,Dylan
774,Mary
775,Donna
776,Keith
777,Mary
778,John
779,Kenneth
780,Heather
781,Samuel
782,Mary
783,Cheryl
784,Mary
785,Lauren
786,Mary
787,Amanda
788,Patrick
789,Mary
790,Martha
791,Mary
792,Evelyn
793,Mary
794,Lawrence
795,Mary
796,Donna
797,Carl
798,Mary
799,Danielle
800,Mary
801,Elizabeth
802,Mary
803,James
804,William
805,Stephen
806,Mary
807,Kevin
808,Mary
809,Hannah
810,Mary
811,Jean
812,Mary
813,Jack
814,Mary
815,Johnny
816,Mary
817,Jack
818,Mary
819,Roy
820,Mary
821,Daniel
822,Rebecca
823,Catherine
824,Mary
825,George
826,Mary
827,Tyler
828,Johnny
829,Mary
830,William
831,Daniel
832,Mary
833,Alexander
834,Mary
835,Gloria
836,Mary
837,Andrew
838,Mary
839,Lisa
840,Mary
841,David
842,Patrick
843,Mary
844,Jessica
845,Catherine
846,Mary
847,Jerry
848,Mary
849,Sandra
850,Sean
851,Mary
852,Deborah
853,Mary
854,Daniel
855,Mary
856,Dennis
857,Mary
858,Robert
859,Dorothy
860,Terry
861,Mary
862,Richard
863,Katherine
864,Raymond
865,Mary
866,James
867,Catherine
868,Mary
869,Mary
870,Linda
871,Deborah
872,Keith
873,Mary
874,Shirley
875,Mary
876,Andrea
877,Gerald
878,Mary
879,Joseph
880,Mary
881,Marilyn
882,Mary
883,Margaret
884,Mary
885,Donna
886,Mary
887,Brian
888,Mary
889,James
890,Danielle
891,Mary
892,Laura
893,Dennis
894,Mary
895,Dorothy
896,Mary
897,Anthony
898,Cheryl
899,Mary
900,George
901,Mary
902,Virginia
903,Mary
904,Elizabeth
905,Virginia
906,Mary
907,Samantha
908,Mary
909,Laura
910,Mary
911,Peter
912,Mary
913,William
914,Jacob
915,Sean
916,Mary
917,Andrew
918,Nathan
919,Mary
920,Megan
921,Mary
922,Stephanie
923,Mary
924,Willie
925,Mary
926,Ashley
927,Diana
928,Mary
929,Alan
930,Mary
931,Robert
932,Virginia
933,Mary
934,James
935,Melissa
936,Mary
937,Daniel
938,Cheryl
939,Mary
940,Steven
941,Jeremy
942,Mary
943,John
944,Stephanie
945,Carl
946,Mary
947,Mary
948,Michelle
949,Mary
950,Jordan
951,Mary
952,Jack
953,Mary
954,Brandon
955,Mary
956,Karen
957,Eric
958,Peter
959,Mary
960,Michael
961,David
962,Mary
963,Eugene
964,Mary
965,Sean
966,Mary
967,Madison
968,Mary
969,Rose
970,Mary
971,Jacqueline
972,Mary
973,Linda
974,George
975,Mary
976,Shirley
977,Virginia
978,Nicholas
979,Mary
980,James
981,Christine
982,Mary
983,Michael
984,Amy
985,Mary
986,Catherine
987,Cheryl
988,Mary
989,Helen
990,Mary
991,John
992,Randy
993,Mary
994,Lisa
995,Helen
996,Amanda
997,Mary
998,Steven
999,Mary
1000,James
1001,Jane
1002,Mary
1003,Tyler
1004,Mary
1005,Maria
1006,Mary
1007,Gary
1008,Mary
1009,John
1010,Carolyn
1011,Mary
1012,Mark
1013,Frances
1014,Mary
1015,Jordan
1016,Mary
1017,Lawrence
1018,Mary
1019,Benjamin
1020,Mary
1021,Hannah
1022,Mary
1023,William
1024,Paul
1025,Megan
1026,Mary
1027,Betty
1028,Virginia
1029,Marilyn
1030,Mary
1031,Alexander
1032,Mary
1033,Sarah
1034,Mary
1035,Nancy
1036,Mary
1037,John
1038,Christine
1039,Mary
1040,Richard
1041,Karen
1042,Frances
1043,Mary
1044,Linda
1045,Ronald
1046,Mary
1047,Carolyn
1048,Frances
1049,Mary
1050,Gloria
1051,Mary
1052,Daniel
1053,Mary
1054,Barbara
1055,Mary
1056,James
1057,Richard
1058,Martha
1059,Mary
1060,Julia
1061,Mary
1062,Philip
1063,Mary
1064,Aaron
1065,Mary
1066,Virginia
1067,Mary
1068,Phillip
1069,Mary
1070,Shawn
1071,Mary
1072,James
1073,Rachel
1074,Mary
1075,Michelle
1076,Tyler
1077,Mary
1078,Nancy
1079,Carolyn
1080,Raymond
1081,Mary
1082,Angela
1083,Mary
1084,Gary
1085,Evelyn
1086,Mary
1087,Heather
1088,Zachary
1089,Mary
1090,Katherine
1091,Mary
1092,George
1093,Julia
1094,Sean
1095,Mary
1096,David
1097,Larry
1098,Mary
1099,Maria
1100,Megan
1101,Mary
1102,Lisa
1103,Mary
1104,Linda
1105,Mary
1106,Daniel
1107,Nicole
1108,Walter
1109,Mary
1110,Kimberly
1111,Mary
1112,Robert
1113,Mary
1114,James
1115,Henry
1116,Mary
1117,Arthur
1118,Mary
1119,Bryan
1120,Mary
1121,Kathleen
1122,Joan
1123,Mary
1124,Katherine
1125,Doris
1126,Mary
1127,Bobby
1128,Mary
1129,Charles
1130,Mary
1131,Sharon
1132,Samantha
1133,Tiffany
1134,Mary
1135,Bryan
1136,Mary
1137,Frank
1138,Mary
1139,Benjamin
1140,Amber
1141,Mary
1142,Albert
1143,Mary
1144,Roger
1145,Mary
1146,Alice
1147,Judy
1148,Mary
1149,Cynthia
1150,Judith
1151,Mary
1152,Maria
1153,Mary
1154,Sarah
1155,Virginia
1156,Mary
1157,Anthony
1158,Emily
1159,Mary
1160,Mary
1161,Justin
1162,Mary
1163,Timothy
1164,Mary
1165,Edward
1166,Tammy
1167,Mary
1168,Elizabeth
1169,Mary
1170,Daniel
1171,Mary
1172,Marie
1173,Mary
1174,Douglas
1175,Mary
1176,Julia
1177,Mary
1178,Charles
1179,Donald
1180,Mary
1181,Donald
1182,Mary
1183,Philip
1184,Mary
1185,Rachel
1186,Mary
1187,Dorothy
1188,Crystal
1189,Mary
1190,Madison
1191,Mary
1192,Edward
1193,Mary
1194,Matthew
1195,Danielle
1196,Mary
1197,Michael
1198,Beverly
1199,Mary
1200,Rebecca
1201,Mary
1202,Andrea
1203,Mary
1204,Nicole
1205,Mary
1206,Tammy
1207,Mary
1208,Lauren
1209,Mary
1210,Jeffrey
1211,Mary
1212,William
1213,Jason
1214,Mildred
1215,Joe
1216,Mary
1217,Robert
1218,Elizabeth
1219,Angela
1220,Samantha
1221,Mary
1222,Michael
1223,Richard
1224,Judy
1225,Mary
1226,Dorothy
1227,Mary
1228,Diana
1229,Mary
1230,Edward
1231,Mary
1232,Betty
1233,Mary
1234,Steven
1235,Mary
1236,Virginia
1237,Mary
1238,Angela
1239,Nicholas
1240,Mary
1241,Jeffrey
1242,Mary
1243,Joan
1244,Mary
1245,Gregory
1246,Mary
1247,Robert
1248,Karen
1249,Donald
1250,Teresa
1251,Mary
1252,Thomas
1253,Alice
1254,Mary
1255,Richard
1256,Rebecca
1257,Dylan
1258,Mary
1259,John
1260,Kelly
1261,Victoria
1262,Mary
1263,Emily
1264,Melissa
1265,Albert
1266,Mary
1267,Sharon
1268,Jerry
1269,Mary
1270,Stephen
1271,Carolyn
1272,Mary
1273,Maria
1274,Mary
1275,Amanda
1276,Mary
1277,Patrick
1278,Mary
1279,Alexander
1280,Mary
1281,Johnny
1282,Mary
1283,Ashley
1284,Mary
1285,Ruth
1286,Nathan
1287,Mary
1288,Evelyn
1289,Mary
1290,Carolyn
1291,Mary
1292,Mildred
1293,Mary
1294,Elizabeth
1295,Theresa
1296,Mary
1297,Christopher
1298,Susan
1299,Mary
1300,Hannah
1301,Mary
1302,Alice
1303,Mary
1304,Frank
1305,Mary
1306,Zachary
1307,Austin
1308,Mary
1309,Mildred
1310,Mary
1311,Jacob
1312,Mary
1313,Terry
1314,Mary
1315,Victoria
1316,Mary
1317,Robert
1318,Mary
1319,Angela
1320,Mary
1321,Shirley
1322,Aaron
1323,Mary
1324,Anthony
1325,Gregory
1326,Mary
1327,Kelly
1328,Denise
1329,Mary
1330,Tiffany
1331,Mary
1332,Carolyn
1333,Mary
1334,Roger
1335,Mary
1336,Donald
1337,Mary
1338,Linda
1339,Melissa
1340,Mary
1341,Joseph
1342,Laura
1343,Julia
1344,Mary
1345,Adam
1346,Mary
1347,Alan
1348,Mary
1349,John
1350,Joseph
1351,Mary
1352,William
1353,Victoria
1354,Mary
1355,Samuel
1356,Albert
1357,Mary
1358,Gloria
1359,Brittany
1360,Mary
1361,Jacob
1362,Dennis
1363,Kathy
1364,Mary
1365,Evelyn
1366,Mary
1367,Nancy
1368,Donna
1369,Mary
1370,Frank
1371,Mary
1372,Shawn
1373,Mary
1374,Patricia
1375,Linda
1376,Mary
1377,Sean
1378,Mary
1379,Raymond
1380,Mary
1381,Doris
1382,Mary
1383,Catherine
1384,Mary
1385,Catherine
1386,Louis
1387,Mary
1388,William
1389,Elizabeth
1390,Justin
1391,Philip
1392,Mary
1393,Ryan
1394,Amber
1395,Lori
1396,Mary
1397,Dorothy
1398,Cheryl
1399,Mary
1400,Aaron
1401,Mary
1402,Nancy
1403,Mary
1404,Jean
1405,Mary
1406,Amy
1407,Olivia
1408,Mary
1409,Arthur
1410,Mary
1411,David
1412,Johnny
1413,Mary
1414,Rebecca
1415,Mary
1416,Edward
1417,Rachel
1418,Ann
1419,Mary
1420,Elizabeth
1421,Karen
1422,Edward
1423,Mary
1424,James
1425,Christina
1426,Mary
1427,Eric
1428,Mary
1429,Pamela
1430,Henry
1431,Mary
1432,Nathan
1433,Mary
1434,Denise
1435,Mary
1436,Sarah
1437,Mary
1438,Jason
1439,Mary
1440,Kathleen
1441,Mary
1442,Anna
1443,Denise
1444,Mary
1445,Linda
1446,Carolyn
1447,Grace
1448,Mary
1449,James
1450,Russell
1451,Mary
1452,Jennifer
1453,Deborah
1454,Grace
1455,Mary
1456,Mark
1457,Edward
1458,Nicholas
1459,Mary
1460,George
1461,Mary
1462,Patricia
1463,Mark
1464,Amber
1465,Mary
1466,Stephen
1467,Mary
1468,Robert
1469,George
1470,Ann
1471,Lori
1472,Mary
1473,Anthony
1474,Mark
1475,Mary
1476,Eugene
1477,Mary
1478,Anna
1479,Mary
1480,Jacob
1481,Grace
1482,Mary
1483,Olivia
1484,Mary
1485,Tiffany
1486,Mary
1487,Shawn
1488,Mary
1489,Robert
1490,David
1491,Joyce
1492,Gerald
1493,Mary
1494,Rebecca
1495,Mary
1496,Frank
1497,Judith
1498,Peter
1499,Mary
1500,Carol
1501,Mary
1502,Alan
1503,Mary
1504,Alice
1505,Mary
1506,Melissa
1507,Mary
1508,David
1509,Patricia
1510,Mary
1511,Julia
1512,Mary
1513,Karen
1514,Christine
1515,Crystal
1516,Mary
1517,James
1518,Jessica
1519,Deborah
1520,Mary
1521,Christopher
1522,Mary
1523,Daniel
1524,Nathan
1525,Ralph
1526,Mary
1527,Mary
1528,Anthony
1529,Mary
1530,David
1531,Scott
1532,Mary
1533,Linda
1534,Ronald
1535,Frank
1536,Mary
1537,Linda
1538,Mary
1539,Sarah
1540,Mary
1541,Victoria
1542,Lori
1543,Mary
1544,Brittany
1545,Mary
1546,Nicole
1547,Henry
1548,Mary
1549,Diane
1550,Mary
1551,Eric
1552,Mary
1553,Raymond
1554,Hannah
1555,Adam
1556,Mary
1557,Nicole
1558,Mary
1559,James
1560,Mary
1561,Harold
1562,Mary
1563,Carolyn
1564,Mary
1565,Denise
1566,Mary
1567,Danielle
1568,Mary
1569,Jesse
1570,Mary
1571,Betty
1572,Brandon
1573,Aaron
1574,Mary
1575,John
1576,Dorothy
1577,Mary
1578,Lisa
1579,Larry
1580,Kelly
1581,Mary
1582,Carol
1583,Sean
1584,Mary
1585,James
1586,Nancy
1587,Jose
1588,Mary
1589,Matthew
1590,Mary
1591,Charles
1592,Margaret
1593,Nicholas
1594,Madison
1595,Mary
1596,John
1597,Megan
1598,Mary
1599,Andrew
1600,Mary
1601,Mark
1602,Stephen
1603,Mary
1604,Brandon
1605,Mary
1606,Brandon
1607,Mary
1608,Michael
1609,Kathy
1610,Mary
1611,Jennifer
1612,Jeffrey
1613,Mary
1614,Christine
1615,Mary
1616,William
1617,Melissa
1618,Mary
1619,Laura
1620,Stephen
1621,Grace
1622,Mary
1623,Christopher
1624,Walter
1625,Mary
1626,Wayne
1627,Mary
1628,Benjamin
1629,Mary
1630,Jonathan
1631,Mary
1632,Deborah
1633,Mary
1634,Jason
1635,Catherine
1636,Julie
1637,Mary
1638,William
1639,Walter
1640,Mary
1641,Ruth
1642,Mary
1643,Mary
1644,Kimberly
1645,Mary
1646,Kenneth
1647,Kevin
1648,Joan
1649,Amber
1650,Mary
1651,Stephanie
1652,Mary
1653,Brian
1654,Mary
1655,Arthur
1656,Mary
1657,Betty
1658,Dylan
1659,Mary
1660,Danielle
1661,Mary
1662,George
1663,Raymond
1664,Mary
1665,Barbara
1666,Margaret
1667,Tammy
1668,Mary
1669,Martha
1670,Keith
1671,Mary
1672,Emily
1673,Mary
1674,Jennifer
1675,Mary
1676,Dorothy
1677,Virginia
1678,Mary
1679,Maria
1680,Mary
1681,Cynthia
1682,Mary
1683,Christopher
1684,Anna
1685,Cheryl
1686,Mary
1687,Jerry
1688,Mary
1689,Thomas
1690,Elizabeth
1691,Kimberly
1692,Rachel
1693,Joe
1694,Mary
1695,Amanda
1696,Mary
1697,Robert
1698,Susan
1699,Mary
1700,Ronald
1701,Aaron
1702,Mary
1703,Hannah
1704,Tammy
1705,Mary
1706,Joyce
1707,Mary
1708,Margaret
1709,Matthew
1710,Mary
1711,Jason
1712,Megan
1713,Mary
1714,Sara
1715,Mary
1716,Sandra
1717,Kathleen
1718,Mary
1719,Ruth
1720,Mary
1721,Jeremy
1722,Mary
1723,Daniel
1724,Joyce
1725,Mary
1726,Crystal
1727,Mary
1728,Mary
1729,Gregory
1730,Mary
1731,Michelle
1732,Mary
1733,Margaret
1734,Bobby
1735,Mary
1736,Grace
1737,Mary
1738,Nicholas
1739,Justin
1740,Mary
1741,Joseph
1742,Emma
1743,Mary
1744,Anna
1745,Mary
1746,Gregory
1747,Mary
1748,Mark
1749,Mary
1750,Christopher
1751,George
1752,Mary
1753,Sandra
1754,Kevin
1755,Mary
1756,Jason
1757,Mary
1758,Larry
1759,Mary
1760,Rebecca
1761,Mary
1762,Nicholas
1763,Mary
1764,Megan
1765,Mary
1766,Michael
1767,Barbara
1768,Arthur
1769,Mary
1770,John
1771,Carol
1772,Mary
1773,Joan
1774,Mary
1775,Sharon
1776,Mary
1777,Kenneth
1778,Mary
1779,Sarah
1780,Larry
1781,Mary
1782,Robert
1783,Mary
1784,Timothy
1785,Mary
1786,Teresa
1787,Mary
1788,Timothy
1789,Mary
1790,Kimberly
1791,Brian
1792,Roy
1793,Mary
1794,Paul
1795,Joe
1796,Mary
1797,Carolyn
1798,Mary
1799,John
1800,Lori
1801,Mary
1802,Cynthia
1803,Mary
1804,Kathleen
1805,Mary
1806,Roger
1807,Mary
1808,Albert
1809,Mary
1810,James
1811,Susan
1812,Mary
1813,Carol
1814,Mary
1815,Russell
1816,Mary
1817,Teresa
1818,Mary
1819,Jane
1820,Mary
1821,Mary
1822,Charles
1823,Mary
1824,Julia
1825,Mary
1826,Matthew
1827,Mary
1828,Doris
1829,Mary
1830,Angela
1831,Jacob
1832,Mary
1833,Ronald
1834,Jane
1835,Mary
1836,Howard
1837,Mary
1838,Angela
1839,Mary
1840,Jerry
1841,Douglas
1842,Mary
1843,Frank
1844,Teresa
1845,Mary
1846,Andrew
1847,Mary
1848,Mary
1849,John
1850,Emily
1851,Mary
1852,Thomas
1853,Mary
1854,Lauren
1855,Mary
1856,Rebecca
1857,Mary
1858,William
1859,Charles
1860,Christopher
1861,Nancy
1862,Jerry
1863,Mary
1864,Deborah
1865,Mary
1866,Jessica
1867,Cheryl
1868,Mary
1869,Mark
1870,Tiffany
1871,Mary
1872,Dorothy
1873,Ronald
1874,Mary
1875,Daniel
1876,Austin
1877,Mary
1878,Amber
1879,Mary
1880,Sarah
1881,Anna
1882,Jacob
1883,Mary
1884,Joan
1885,Mary
1886,Mark
1887,Katherine
1888,Julia
1889,Mary
1890,Margaret
1891,Mary
1892,Nicholas
1893,Mary
1894,Michael
1895,George
1896,Donna
1897,Patrick
1898,Mary
1899,Susan
1900,Paul
1901,Jacob
1902,Alice
1903,Mary
1904,Henry
1905,Mary
1906,Raymond
1907,Mary
1908,Beverly
1909,Mary
1910,Helen
1911,Mary
1912,Robert
1913,Ethan
1914,Mary
1915,David
1916,Jason
1917,Mary
1918,Ralph
1919,Mary
1920,Stephanie
1921,Larry
1922,Mary
1923,Kathryn
1924,Mary
1925,Edward
1926,Mary
1927,Laura
1928,Timothy
1929,Kathryn
1930,Mary
1931,John
1932,Shirley
1933,Eric
1934,Christina
1935,Mary
1936,Jane
1937,Mary
1938,Charles
1939,Edward
1940,Katherine
1941,Mary
1942,Joseph
1943,Harry
1944,Mary
1945,Michael
1946,Diane
1947,Mary
1948,Peter
1949,Sean
1950,Mary
1951,Joseph
1952,Ashley
1953,Maria
1954,Mary
1955,Arthur
1956,Mary
1957,Shirley
1958,Mary
1959,Lauren
1960,Victoria
1961,Mary
1962,Marie
1963,Mary
1964,Sara
1965,Mary
1966,Gregory
1967,Benjamin
1968,Mary
1969,Ethan
1970,Mary
1971,Richard
1972,Marilyn
1973,Mary
1974,Joe
1975,Mary
1976,Jacqueline
1977,Sara
1978,Mary
1979,Kimberly
1980,Mary
1981,Betty
1982,Kathryn
1983,Diana
1984,Mary
1985,Lisa
1986,Mary
1987,Brenda
1988,Mary
1989,Richard
1990,Kathryn
1991,Lori
1992,Mary
1993,Diana
1994,Mary
1995,Janice
1996,Mary
1997,Amy
1998,Mary
1999,Sarah
2000,Mary
2001,Elizabeth
2002,Amy
2003,Mary
2004,Jeffrey
2005,Mary
2006,Richard
2007,Mary
2008,Alexander
2009,Philip
2010,Mary
2011,Ashley
2012,Ethan
2013,Mary
2014,Nancy
2015,Mary
2016,Jonathan
2017,Mary
2018,Shirley
2019,Pamela
2020,Mary
2021,Theresa
2022,Beverly
2023,Mary
2024,Harold
2025,Mary
2026,Robert
2027,Jennifer
2028,Cynthia
2029,Andrea
2030,Rose
2031,Mary
2032,Douglas
2033,Mary
2034,Ruth
2035,Mary
2036,Deborah
2037,Jacob
2038,Tammy
2039,Mary
2040,Susan
2041,Paul
2042,Sara
2043,Mary
2044,Cynthia
2045,Katherine
2046,Mary
2047,Megan
2048,Mary
2049,Gary
2050,Mary
2051,Maria
2052,Mary
2053,Ronald
2054,Olivia
2055,Mary
2056,Jeffrey
2057,Kathy
2058,Mary
2059,Charles
2060,Johnny
2061,Mary
2062,Sharon
2063,Mary
2064,David
2065,Wayne
2066,Mary
2067,Donald
2068,Donna
2069,Alice
2070,Mary
2071,Walter
2072,Mary
2073,Donna
2074,Mary
2075,Sarah
2076,George
2077,Ann
2078,Roger
2079,Mary
2080,Alice
2081,Mary
2082,Megan
2083,Mary
2084,Edward
2085,Mary
2086,Ruth
2087,Mary
2088,Frank
2089,Mary
2090,Cynthia
2091,Doris
2092,Mary
2093,Justin
2094,Mary
2095,Brenda
2096,Jose
2097,Mary
2098,Sara
2099,Dylan
2100,Mary
2101,Patrick
2102,Mary
2103,Megan
2104,Mary
2105,George
2106,Mary
2107,Paul
2108,Rachel
2109,Mary
2110,Cynthia
2111,Joan
2112,Mary
2113,David
2114,Timothy
2115,Mary
2116,Daniel
2117,Hannah
2118,Mary
2119,Angela
2120,Jeremy
2121,Mary
2122,Jonathan
2123,Mary
2124,Matthew
2125,Mary
2126,James
2127,Joshua
2128,Mary
2129,William
2130,Mary
2131,Evelyn
2132,Mary
2133,Rebecca
2134,Mary
2135,Melissa
2136,Catherine
2137,Mary
2138,Larry
2139,Mary
2140,Samuel
2141,Mary
2142,Mary
2143,Elizabeth
2144,Mary
2145,Ashley
2146,Mary
2147,Joyce
2148,Jean
2149,Mary
2150,Andrea
2151,Mary
2152,Marie
2153,Nathan
2154,Mary
2155,Joshua
2156,Mary
2157,Danielle
2158,Mary
2159,Kimberly
2160,Stephen
2161,Mary
2162,Margaret
2163,Nicholas
2164,Ethan
2165,Mary
2166,Rebecca
2167,Roger
2168,Mary
2169,Betty
2170,Nicholas
2171,Mary
2172,Gary
2173,Mary
2174,Rachel
2175,Mary
2176,Nicholas
2177,Mary
2178,Martha
2179,Mary
2180,Shirley
2181,Christina
2182,Mary
2183,Richard
2184,Randy
2185,Mary
2186,Nathan
2187,Mary
2188,James
2189,Ronald
2190,Mary
2191,Ronald
2192,Mary
2193,Catherine
2194,Mary
2195,Walter
2196,Mary
2197,Joseph
2198,Thomas
2199,Cynthia
2200,Evelyn
2201,Benjamin
2202,Mary
2203,Evelyn
2204,Mary
2205,Wayne
2206,Mary
2207,Lori
2208,Mary
2209,Emma
2210,Mary
2211,Debra
2212,Mary
2213,Henry
2214,Mary
2215,Karen
2216,Rebecca
2217,Mary
2218,Jacqueline
2219,Mary
2220,James
2221,Richard
2222,Paul
2223,Sharon
2224,Ann
2225,Mary
2226,Jonathan
2227,Mary
2228,Carolyn
2229,Mary
2230,Rebecca
2231,Mary
2232,Paul
2233,Jack
2234,Mary
2235,David
2236,Jeffrey
2237,Mary
2238,Billy
2239,Mary
2240,Edward
2241,Katherine
2242,Mary
2243,George
2244,Mary
2245,Megan
2246,Mary
2247,Alice
2248,Mary
2249,Dorothy
2250,Amanda
2251,Gregory
2252,Mary
2253,Charles
2254,Sarah
2255,Cheryl
2256,Mary
2257,Matthew
2258,Dorothy
2259,Mary
2260,Laura
2261,Mary
2262,Jose
2263,Mary
2264,Melissa
2265,Mary
2266,Kevin
2267,Rebecca
2268,Mary
2269,Brittany
2270,Mary
2271,Robert
2272,Christopher
2273,Jacob
2274,Mary
2275,Lisa
2276,Mary
2277,Ruth
2278,Marie
2279,Olivia
2280,Mary
2281,Michael
2282,Nancy
2283,Doris
2284,Mary
2285,Mildred
2286,Mary
2287,David
2288,Kathleen
2289,Kathy
2290,Joe
2291,Mary
2292,Ashley
2293,Mary
2294,Jacob
2295,Mary
2296,Robert
2297,Joseph
2298,Elizabeth
2299,Dorothy
2300,Patrick
2301,Mary
2302,Elizabeth
2303,Brittany
2304,Mary
2305,Donna
2306,Mary
2307,Sharon
2308,Mary
2309,Evelyn
2310,Mary
2311,Linda
2312,Scott
2313,Mary
2314,Donald
2315,Paul
2316,Heather
2317,Mary
2318,Benjamin
2319,Mary
2320,Katherine
2321,Mary
2322,Zachary
2323,Mary
2324,Zachary
2325,Mary
2326,Charles
2327,Helen
2328,Victoria
2329,Mary
2330,Sharon
2331,Mary
2332,Christopher
2333,Kevin
2334,Mary
2335,Harold
2336,Kathy
2337,Mary
2338,Catherine
2339,Mary
2340,Margaret
2341,Mary
2342,Kyle
2343,Mary
2344,Danielle
2345,Mary
2346,Mary
2347,Rose
2348,Mary
2349,William
2350,Brian
2351,Mary
2352,Timothy
2353,Mary
2354,David
2355,Ronald
2356,Mary
2357,Pamela
2358,Mary
2359,Emily
2360,Denise
2361,Mary
2362,Samantha
2363,Mary
2364,Thomas
2365,Sara
2366,Mary
2367,Sean
2368,Mary
2369,Deborah
2370,Mary
2371,Barbara
2372,Melissa
2373,Mary
2374,Scott
2375,Mary
2376,David
2377,Sandra
2378,Mary
2379,Angela
2380,Mary
2381,Betty
2382,Mary
2383,Anthony
2384,Mary
2385,Sharon
2386,Carl
2387,Mary
2388,Teresa
2389,Mary
2390,Pamela
2391,Mary
2392,Susan
2393,Dorothy
2394,Mary
2395,Frances
2396,Mary
2397,Maria
2398,Mary
2399,Juan
2400,Mary
2401,Grace
2402,Mary
2403,Christopher
2404,Mary
2405,Emily
2406,Mary
2407,Lisa
2408,Rachel
2409,Patrick
2410,Mary
2411,James
2412,Edward
2413,Mary
2414,Lisa
2415,Mary
2416,Susan
2417,Mary
2418,Helen
2419,Rachel
2420,Mary
2421,Tyler
2422,Mary
2423,Dennis
2424,Mary
2425,Donna
2426,Mary
2427,Susan
2428,Andrea
2429,Mary
2430,Michelle
2431,Olivia
2432,Mary
2433,James
2434,Betty
2435,Roger
2436,Kevin
2437,Juan
2438,Mary
2439,Mary
2440,Virginia
2441,Mary
2442,Kathryn
2443,Mary
2444,Kenneth
2445,Mary
2446,Paul
2447,Mary
2448,Mildred
2449,Mary
2450,James
2451,Joshua
2452,Mary
2453,Stephen
2454,Kyle
2455,Mary
2456,Joan
2457,Carl
2458,Mary
2459,Robert
2460,David
2461,Maria
2462,Lawrence
2463,Mary
2464,Teresa
2465,Mary
2466,Gary
2467,Keith
2468,Mary
2469,Shawn
2470,Mary
2471,Olivia
2472,Alan
2473,Mary
2474,James
2475,Dennis
2476,Gerald
2477,Mary
2478,Gerald
2479,Mary
2480,Lori
2481,Mary
2482,Gerald
2483,Mary
2484,Sarah
2485,Mary
2486,Anna
2487,Nicole
2488,Mary
2489,Amanda
2490,Mary
2491,Mark
2492,Mary
2493,Jeffrey
2494,Mary
2495,Lauren
2496,Mary
2497,Wayne
2498,Mary
2499,Robert
2500,Michael
2501,Sharon
2502,Mary
2503,Ryan
2504,Mary
2505,Jessica
2506,Anthony
2507,Mary
2508,Brandon
2509,Grace
2510,Mary
2511,Teresa
2512,Mary
2513,Cynthia
2514,Mary
2515,Susan
2516,Mary
2517,Jose
2518,Mary
2519,Donna
2520,Gregory
2521,Mary
2522,Edward
2523,Emily
2524,Mary
2525,Nancy
2526,Helen
2527,Heather
2528,Mary
2529,Ryan
2530,Walter
2531,Mary
2532,Charles
2533,Christina
2534,Walter
2535,Mary
2536,Richard
2537,Mary
2538,Kelly
2539,Mary
2540,Patricia
2541,Daniel
2542,Ryan
2543,Alan
2544,Mary
2545,Larry
2546,Mary
2547,Walter
2548,Mary
2549,Stephanie
2550,Christian
2551,Mary
2552,Karen
2553,Hannah
2554,Zachary
2555,Mary
2556,Samuel
2557,Mary
2558,George
2559,Donna
2560,Mary
2561,Angela
2562,Mary
2563,Linda
2564,Phillip
2565,Mary
2566,Ruth
2567,Mary
2568,Maria
2569,Mary
2570,Michael
2571,Zachary
2572,Mary
2573,Anna
2574,Martha
2575,Mary
2576,Margaret
2577,Mary
2578,Mary
2579,Kimberly
2580,Carolyn
2581,Mary
2582,David
2583,Michelle
2584,Mary
2585,Kyle
2586,Mary
2587,Vincent
2588,Mary
2589,Nathan
2590,Mary
2591,Patricia
2592,Kyle
2593,Mary
2594,David
2595,Amy
2596,Mary
2597,Brandon
2598,Brittany
2599,Mary
2600,Deborah
2601,Mary
2602,Jacob
2603,Mary
2604,Betty
2605,Catherine
2606,Grace
2607,Mary
2608,Madison
2609,Mary
2610,Virginia
2611,Nicholas
2612,Lori
2613,Mary
2614,William
2615,Carol
2616,Scott
2617,Mary
2618,Nicole
2619,Danielle
2620,Mary
2621,Robert
2622,Jennifer
2623,Olivia
2624,Mary
2625,Betty
2626,Laura
2627,Mary
2628,Madison
2629,Mary
2630,Willie
2631,Mary
2632,John
2633,Matthew
2634,Mary
2635,Victoria
2636,Christian
2637,Bobby
2638,Mary
2639,Patricia
2640,Charles
2641,Betty
2642,Mary
2643,David
2644,Zachary
2645,Jeremy
2646,Mary
2647,Susan
2648,Mary
2649,Robert
2650,David
2651,Thomas
2652,Martha
2653,Mary
2654,Donna
2655,Mary
2656,Charles
2657,Brian
2658,Sara
2659,Terry
2660,Mary
2661,Anthony
2662,Cynthia
2663,Mary
2664,Edward
2665,Evelyn
2666,Mary
2667,Tammy
2668,Mary
2669,Dorothy
2670,Mary
2671,Nancy
2672,Kathryn
2673,Mary
2674,John
2675,Michael
2676,Jeffrey
2677,Mary
2678,Johnny
2679,Mary
2680,Jennifer
2681,Mary
2682,Cynthia
2683,Mary
2684,Mary
2685,Denise
2686,Mary
2687,Kelly
2688,Mary
2689,Matthew
2690,Mary
2691,Donald
2692,Mary
2693,Raymond
2694,Jack
2695,Mary
2696,Ashley
2697,Joyce
2698,Mary
2699,Kathleen
2700,Ruth
2701,Christine
2702,Mary
2703,Kimberly
2704,Aaron
2705,Mary
2706,Jonathan
2707,Mary
2708,Jennifer
2709,Mary
2710,Katherine
2711,Alice
2712,Mary
2713,Grace
2714,Albert
2715,Mary
2716,Kathleen
2717,Mary
2718,Henry
2719,Mary
2720,Michael
2721,Matthew
2722,Harold
2723,Mary
2724,Dorothy
2725,Mary
2726,Barbara
2727,Henry
2728,Mary
2729,Kimberly
2730,Mary
2731,Joshua
2732,Mary
2733,David
2734,Louis
2735,Mary
2736,Lawrence
2737,Mary
2738,Amber
2739,Mary
2740,Robert
2741,Jason
2742,Jane
2743,Mary
2744,Amanda
2745,Mary
2746,Stephanie
2747,Nicholas
2748,Nicole
2749,Mary
2750,George
2751,Brenda
2752,Mary
2753,Amy
2754,Mary
2755,Andrew
2756,Bryan
2757,Mary
2758,Kimberly
2759,Carolyn
2760,Mary
2761,Jennifer
2762,Mary
2763,Frances
2764,Mary
2765,Donald
2766,Mary
2767,Matthew
2768,Adam
2769,Mary
2770,Brittany
2771,Mary
2772,Patricia
2773,Linda
2774,Sandra
2775,Mary
2776,James
2777,Christina
2778,Mary
2779,Andrea
2780,Mary
2781,Jean
2782,Bruce
2783,Mary
2784,Lisa
2785,Frances
2786,Adam
2787,Mary
2788,Jane
2789,Howard
2790,Mary
2791,Martha
2792,Roy
2793,Mary
2794,Patricia
2795,Jack
2796,Mary
2797,David
2798,Michelle
2799,Mary
2800,Edward
2801,Mary
2802,Gregory
2803,Mary
2804,Matthew
2805,Willie
2806,Mary
2807,Brittany
2808,Mary
2809,Evelyn
2810,Mary
2811,Thomas
2812,Mark
2813,Mary
2814,Debra
2815,Justin
2816,Mary
2817,Rachel
2818,Mary
2819,Julie
2820,Roy
2821,Mary
2822,James
2823,Danielle
2824,Mary
2825,Sarah
2826,Lisa
2827,Rachel
2828,Mary
2829,Ryan
2830,Maria
2831,Mary
2832,Angela
2833,Eric
2834,Mary
2835,Bryan
2836,Mary
2837,Michael
2838,Mary
2839,Carol
2840,Emily
2841,Mary
2842,Charles
2843,Mary
2844,Robert
2845,Ryan
2846,Mary
2847,Theresa
2848,Mary
2849,Rebecca
2850,Dennis
2851,Mary
2852,Kathryn
2853,Mary
2854,Lauren
2855,Mary
2856,Karen
2857,Eric
2858,Julie
2859,Mary
2860,George
2861,Mary
2862,Ashley
2863,Roger
2864,Mary
2865,Carol
2866,Jerry
2867,Wayne
2868,Mary
2869,Margaret
2870,Ronald
2871,Sharon
2872,Mary
2873,Joyce
2874,Denise
2875,Mary
2876,Maria
2877,Mary
2878,Michael
2879,William
2880,Linda
2881,Phillip
2882,Mary
2883,Christine
2884,Mary
2885,Mark
2886,Mary
2887,Elizabeth
2888,Lauren
2889,Tyler
2890,Mary
2891,Victoria
2892,Mary
2893,Russell
2894,Mary
2895,Dylan
2896,Mary
2897,Daniel
2898,Christine
2899,Albert
2900,Mary
2901,Emma
2902,Megan
2903,Mary
2904,Lisa
2905,Kelly
2906,Mary
2907,Russell
2908,Mary
2909,Sarah
2910,Timothy
2911,Mary
2912,William
2913,Victoria
2914,Mary
2915,Sandra
2916,Cynthia
2917,Kyle
2918,Mary
2919,Douglas
2920,Mary
2921,Denise
2922,Madison
2923,Mary
2924,Timothy
2925,Mary
2926,Donald
2927,Mary
2928,Sarah
2929,Mary
2930,Ronald
2931,Carl
2932,Mary
2933,George
2934,Judy
2935,Mary
2936,Edward
2937,Mary
2938,Nicole
2939,Kyle
2940,Mary
2941,Brian
2942,Mary
2943,Crystal
2944,Mary
2945,Jacob
2946,Mary
2947,Roy
2948,Mary
2949,Shawn
2950,Mary
2951,Steven
2952,Mary
2953,Donna
2954,Jordan
2955,Mary
2956,William
2957,Eugene
2958,Mary
2959,Ronald
2960,Megan
2961,Mary
2962,Amy
2963,Martha
2964,Eugene
2965,Mary
2966,Christina
2967,Mary
2968,Julia
2969,Mary
2970,Kenneth
2971,Amanda
2972,Mary
2973,Pamela
2974,Mary
2975,Amy
2976,Mary
2977,Rose
2978,Mary
2979,Nicole
2980,Mildred
2981,Mary
2982,Eric
2983,Joan
2984,Mary
2985,Donald
2986,Mary
2987,James
2988,Amy
2989,Mary
2990,Michael
2991,Julie
2992,Mary
2993,Mildred
2994,Mary
2995,Paul
2996,Lori
2997,Mary
2998,Denise
2999,Mary
3000,Joseph
3001,Maria
3002,Mary
3003,Lawrence
3004,Mary
3005,Michael
3006,Barbara
3007,Jessica
3008,Mary
3009,Katherine
3010,Walter
3011,Howard
3012,Mary
3013,Grace
3014,Mary
3015,Alice
3016,Mary
3017,Frank
3018,Mary
3019,Madison
3020,Mary
3021,Nancy
3022,Jose
3023,Mary
3024,Robert
3025,Sarah
3026,Diane
3027,Mary
3028,Ashley
3029,Bryan
3030,Mary
3031,Carol
3032,Mary
3033,Kevin
3034,Mary
3035,Anna
3036,Mary
3037,Christopher
3038,Mary
3039,Susan
3040,Kathy
3041,Mary
3042,David
3043,Catherine
3044,Mary
3045,Lisa
3046,Mary
3047,Barbara
3048,Mary
3049,Stephen
3050,Mary
3051,John
3052,Mary
3053,Jennifer
3054,Gregory
3055,Mary
3056,George
3057,Mary
3058,Amy
3059,Lori
3060,Mary
3061,Crystal
3062,Mary
3063,John
3064,Sandra
3065,Amy
3066,Mary
3067,Mary
3068,Margaret
3069,Mary
3070,Brian
3071,Mary
3072,Brandon
3073,Jane
3074,Mary
3075,Jonathan
3076,Mary
3077,Albert
3078,Mary
3079,Charles
3080,Mary
3081,Bruce
3082,Mary
3083,Timothy
3084,Mary
3085,Richard
3086,Barbara
3087,Mary
3088,Amy
3089,Sean
3090,Mary
3091,Carolyn
3092,Mary
3093,Brian
3094,Mary
3095,Patricia
3096,Stephanie
3097,Douglas
3098,Mary
3099,Brittany
3100,Mary
3101,George
3102,Ralph
3103,Mary
3104,Megan
3105,Mary
3106,Samantha
3107,Tiffany
3108,Mary
3109,Jack
3110,Phillip
3111,Mary
3112,Kimberly
3113,Aaron
3114,Mary
3115,Tammy
3116,Mary
3117,Jacob
3118,Mary
3119,Shirley
3120,Rose
3121,Mary
3122,Joseph
3123,Karen
3124,Mary
3125,Dylan
3126,Mary
3127,Jessica
3128,Karen
3129,Mary
3130,Dylan
3131,Mary
3132,Mary
3133,Ruth
3134,Mary
3135,Helen
3136,Mary
3137,Elizabeth
3138,Barbara
3139,Mary
3140,Charles
3141,Cynthia
3142,Brenda
3143,Mary
3144,Pamela
3145,Rose
3146,Mary
3147,Daniel
3148,Mary
3149,Edward
3150,Ruth
3151,Mary
3152,Emily
3153,Mary
3154,Terry
3155,Mary
3156,Kathleen
3157,Mary
3158,Jesse
3159,Mary
3160,Charles
3161,Barbara
3162,Wayne
3163,Mary
3164,Karen
3165,Nancy
3166,Donald
3167,Janice
3168,Mary
3169,Lawrence
3170,Mary
3171,Elizabeth
3172,Karen
3173,Betty
3174,Rose
3175,Mary
3176,Donna
3177,Mary
3178,Victoria
3179,Mary
3180,Raymond
3181,Mary
3182,Frances
3183,Mary
3184,Tyler
3185,Mary
3186,Jack
3187,Mary
3188,Madison
3189,Bryan
3190,Mary
3191,Kathleen
3192,Mary
3193,Joshua
3194,Keith
3195,Mary
3196,Diane
3197,Mary
3198,Sarah
3199,Ashley
3200,Mary
3201,Kathleen
3202,Emma
3203,Mary
3204,Edward
3205,Julie
3206,Mary
3207,Stephen
3208,Mildred
3209,Mary
3210,Richard
3211,Mary
3212,Laura
3213,Mary
3214,Kevin
3215,Judith
3216,Roy
3217,Mary
3218,Steven
3219,Mary
3220,Susan
3221,Scott
3222,Mary
3223,Thomas
3224,Kevin
3225,Mary
3226,Shawn
3227,Mary
3228,Susan
3229,Teresa
3230,Mary
3231,Melissa
3232,Olivia
3233,Mary
3234,Jacob
3235,Lori
3236,Mary
3237,James
3238,Benjamin
3239,Mary
3240,Kelly
3241,Willie
3242,Mary
3243,Julia
3244,Mary
3245,Rebecca
3246,Lori
3247,Mary
3248,Janet
3249,Mary
3250,Richard
3251,Kenneth
3252,Mary
3253,Kevin
3254,Bruce
3255,Mary
3256,Michael
3257,Julia
3258,Mary
3259,Mary
3260,Matthew
3261,Wayne
3262,Mary
3263,Brian
3264,Mary
3265,Juan
3266,Mary
3267,Teresa
3268,Mary
3269,Margaret
3270,Alexander
3271,Mary
3272,Julie
3273,Mary
3274,Mary
3275,Steven
3276,Mary
3277,Jennifer
3278,Patrick
3279,Mary
3280,Kathleen
3281,Teresa
3282,Mary
3283,Charles
3284,Mary
3285,Michelle
3286,Stephen
3287,Mary
3288,Stephanie
3289,Mary
3290,Linda
3291,Mary
3292,Ruth
3293,Mary
3294,Michael
3295,Maria
3296,Mary
3297,Bryan
3298,Mary
3299,Laura
3300,Mary
3301,Richard
3302,Terry
3303,Mary
3304,Amanda
3305,Sara
3306,Mary
3307,Lauren
3308,Aaron
3309,Mary
3310,Robert
3311,Ryan
3312,Jane
3313,Mary
3314,Charles
3315,Andrew
3316,Mary
3317,Betty
3318,Henry
3319,Adam
3320,Mary
3321,Robert
3322,Joyce
3323,Megan
3324,Mary
3325,Danielle
3326,Mary
3327,Tammy
3328,Mary
3329,Joshua
3330,Mary
3331,Diane
3332,Mary
3333,James
3334,Amber
3335,Mary
3336,Sandra
3337,Jeffrey
3338,Howard
3339,Mary
3340,Linda
3341,Carol
3342,Mary
3343,Vincent
3344,Mary
3345,Christine
3346,Walter
3347,Mary
3348,James
3349,Lauren
3350,Mary
3351,James
3352,Gregory
3353,Mary
3354,Russell
3355,Mary
3356,Lori
3357,Mary
3358,Anthony
3359,Michelle
3360,Mary
3361,Virginia
3362,Mary
3363,Grace
3364,Mary
3365,William
3366,Mary
3367,Betty
3368,Mary
3369,Joseph
3370,Mary
3371,David
3372,Virginia
3373,Mary
3374,Christine
3375,Mary
3376,Rose
3377,Ralph
3378,Mary
3379,Peter
3380,Mary
3381,Lisa
3382,Donald
3383,Jose
3384,Mary
3385,Thomas
3386,Justin
3387,Grace
3388,Mary
3389,Mary
3390,Elizabeth
3391,Rebecca
3392,Victoria
3393,Nathan
3394,Mary
3395,Mark
3396,Patrick
3397,Mary
3398,James
3399,George
3400,Frank
3401,Sara
3402,Mary
3403,Evelyn
3404,Billy
3405,Bruce
3406,Mary
3407,Nancy
3408,Catherine
3409,Mary
3410,Brandon
3411,Mary
3412,Pamela
3413,Mary
3414,Ruth
3415,Frances
3416,Mary
3417,Daniel
3418,Gerald
3419,Mary
3420,Kenneth
3421,Kathryn
3422,Julia
3423,Mary
3424,Patricia
3425,Andrea
3426,Douglas
3427,Mary
3428,Madison
3429,Mary
3430,Alice
3431,Mary
3432,John
3433,David
3434,Jane
3435,Mary
3436,Joshua
3437,Mary
3438,James
3439,Pamela
3440,Mary
3441,Emma
3442,Mary
3443,James
3444,Karen
3445,Andrew
3446,Kathryn
3447,Sara
3448,Mary
3449,Joyce
3450,Mary
3451,Samantha
3452,Mary
3453,Mary
3454,Christopher
3455,Mary
3456,Jeffrey
3457,Mary
3458,Henry
3459,Mary
3460,Linda
3461,Jose
3462,Mary
3463,Laura
3464,Zachary
3465,Mary
3466,Evelyn
3467,Victoria
3468,Mary
3469,Rebecca
3470,Carolyn
3471,Mary
3472,Ethan
3473,Mary
3474,Jack
3475,Mary
3476,Kathy
3477,Mary
3478,Alan
3479,Mary
3480,James
3481,Ronald
3482,Mary
3483,Michael
3484,Rebecca
3485,Mary
3486,Carol
3487,Tyler
3488,Mary
3489,Larry
3490,Mary
3491,Diane
3492,Mary
3493,Joseph
3494,Cheryl
3495,Mary
3496,Brittany
3497,Mary
3498,Elizabeth
3499,Mildred
3500,Mary
3501,Rachel
3502,Mary
3503,Kathryn
3504,Mary
3505,Kevin
3506,Samantha
3507,Mary
3508,Randy
3509,Mary
3510,Juan
3511,Mary
3512,Jennifer
3513,Shirley
3514,Walter
3515,Mary
3516,Elizabeth
3517,Mary
3518,Daniel
3519,Nicholas
3520,Mary
3521,Joyce
3522,Adam
3523,Mary
3524,John
3525,Joseph
3526,Kevin
3527,Mary
3528,Nicole
3529,Victoria
3530,Mary
3531,Amanda
3532,Carolyn
3533,Mary
3534,James
3535,Betty
3536,Mary
3537,Ralph
3538,Mary
3539,Richard
3540,Nicole
3541,Jeremy
3542,Mary
3543,Matthew
3544,Danielle
3545,Austin
3546,Mary
3547,Rebecca
3548,Mary
3549,Adam
3550,Mary
3551,Richard
3552,Kathleen
3553,Mary
3554,Michael
3555,Gregory
3556,Mary
3557,Benjamin
3558,Mary
3559,Susan
3560,Dylan
3561,Mary
3562,Beverly
3563,Mary
3564,William
3565,Johnny
3566,Mary
3567,Thomas
3568,Madison
3569,Jeremy
3570,Mary
3571,Laura
3572,Mary
3573,Virginia
3574,Mary
3575,Hannah
3576,Mary
3577,Michael
3578,Christian
3579,Mary
3580,Jessica
3581,Mary
3582,Ruth
3583,Jacqueline
3584,Mary
3585,Kimberly
3586,Mary
3587,Michelle
3588,Sharon
3589,Mary
3590,Jeffrey
3591,Lori
3592,Mary
3593,Christina
3594,Mary
3595,Joshua
3596,Mary
3597,Margaret
3598,Marilyn
3599,Mary
3600,Jennifer
3601,Rose
3602,Mary
3603,Susan
3604,Alexander
3605,Mary
3606,Joan
3607,Marie
3608,Mary
3609,James
3610,Jordan
3611,Mary
3612,Gregory
3613,Mary
3614,John
3615,Jennifer
3616,Jean
3617,Mary
3618,Linda
3619,Samantha
3620,Jeremy
3621,Mary
3622,Donald
3623,Scott
3624,Grace
3625,Mary
3626,Stephen
3627,Mary
3628,Alice
3629,Mary
3630,Barbara
3631,Mary
3632,Albert
3633,Mary
3634,Emily
3635,Catherine
3636,Willie
3637,Mary
3638,Amy
3639,Danielle
3640,Mary
3641,Thomas
3642,Margaret
3643,Donald
3644,Debra
3645,Martha
3646,Mary
3647,Grace
3648,Mary
3649,Andrew
3650,Wayne
3651,Mary
3652,Ann
3653,Peter
3654,Mary
3655,Karen
3656,Willie
3657,Mary
3658,Mary
3659,Margaret
3660,Roger
3661,Mary
3662,Betty
3663,Beverly
3664,Mary
3665,Philip
3666,Mary
3667,Andrew
3668,Judy
3669,Mary
3670,Anna
3671,Mary
3672,James
3673,Matthew
3674,Amy
3675,Joyce
3676,Mary
3677,Sandra
3678,Alice
3679,Mary
3680,David
3681,Edward
3682,Emily
3683,Mary
3684,Patrick
3685,Mary
3686,Jacob
3687,Mary
3688,Judy
3689,Mary
3690,Brittany
3691,Mary
3692,James
3693,Megan
3694,Mary
3695,Christopher
3696,Martha
3697,Mary
3698,John
3699,Charles
3700,Stephen
3701,Bryan
3702,Mary
3703,Christine
3704,Mary
3705,Lisa
3706,Ashley
3707,Mary
3708,Judy
3709,Mary
3710,Ashley
3711,Jordan
3712,Mary
3713,Helen
3714,Kimberly
3715,Debra
3716,Hannah
3717,Mary
3718,Mark
3719,Mary
3720,Mary
3721,Melissa
3722,Russell
3723,Mary
3724,Michelle
3725,Mary
3726,Robert
3727,Janet
3728,Mary
3729,John
3730,Eric
3731,Beverly
3732,Mary
3733,Elizabeth
3734,Katherine
3735,Mary
3736,Brian
3737,Kevin
3738,Cheryl
3739,Terry
3740,Mary
3741,Joseph
3742,Samuel
3743,Mary
3744,Michael
3745,Kimberly
3746,Walter
3747,Mary
3748,Brenda
3749,Frances
3750,Mary
3751,Walter
3752,Mary
3753,Hannah
3754,Mary
3755,Eugene
3756,Mary
3757,Matthew
3758,Scott
3759,Mary
3760,Christine
3761,Mary
3762,Juan
3763,Mary
3764,Ethan
3765,Mary
3766,David
3767,Mary
3768,David
3769,Amy
3770,Mary
3771,David
3772,Mary
3773,Brenda
3774,Mary
3775,John
3776,Amber
3777,Mary
3778,Robert
3779,Emma
3780,Mary
3781,Richard
3782,Mary
3783,Albert
3784,Mary
3785,Brian
3786,Mary
3787,Kevin
3788,Frances
3789,Mary
3790,Alan
3791,Mary
3792,Gary
3793,Janet
3794,Julia
3795,Peter
3796,Mary
3797,David
3798,Amber
3799,Mary
3800,Shawn
3801,Mary
3802,Timothy
3803,Mary
3804,Andrew
3805,Melissa
3806,Adam
3807,Mary
3808,Nancy
3809,Melissa
3810,Rose
3811,Mary
3812,Robert
3813,Andrew
3814,Eric
3815,Mary
3816,Dorothy
3817,Gary
3818,Victoria
3819,Mary
3820,Jessica
3821,Martha
3822,Mary
3823,Charles
3824,Evelyn
3825,Mary
3826,Patricia
3827,Mary
3828,Janice
3829,Mary
3830,William
3831,Nicholas
3832,Mary
3833,Robert
3834,Denise
3835,Mary
3836,Nicholas
3837,Mary
3838,Joseph
3839,Adam
3840,Mary
3841,Mary
3842,Susan
3843,Ruth
3844,Justin
3845,Mary
3846,Ronald
3847,Julie
3848,Mary
3849,Carol
3850,Christina
3851,Mary
3852,Roy
3853,Eugene
3854,Mary
3855,Amy
3856,Mary
3857,Robert
3858,Martha
3859,Mary
3860,Susan
3861,Mary
3862,Jordan
3863,Mary
3864,David
3865,Jessica
3866,Ryan
3867,Mary
3868,Rachel
3869,Mary
3870,Willie
3871,Mary
3872,Lisa
3873,Stephanie
3874,Mary
3875,Frances
3876,Mary
3877,John
3878,Barbara
3879,Melissa
3880,Mary
3881,Patricia
3882,Joshua
3883,Marie
3884,Mary
3885,Andrew
3886,Brian
3887,Mary
3888,Scott
3889,Mary
3890,Gregory
3891,Mary
3892,Billy
3893,Mary
3894,Benjamin
3895,Mary
3896,Alexander
3897,Mary
3898,Michael
3899,Brandon
3900,Mary
3901,Julia
3902,Mary
3903,Lori
3904,Mary
3905,Denise
3906,Mary
3907,Gary
3908,Alexander
3909,Amber
3910,Mary
3911,Margaret
3912,Mary
3913,Dennis
3914,Mary
3915,Heather
3916,Mary
3917,Terry
3918,Mary
3919,Charles
3920,Zachary
3921,Mary
3922,Elizabeth
3923,Mary
3924,Rebecca
3925,Mary
3926,Ann
3927,Mary
3928,Joseph
3929,Amanda
3930,Mary
3931,Linda
3932,Evelyn
3933,Mary
3934,Joseph
3935,Harold
3936,Mary
3937,Nancy
3938,Mary
3939,Jane
3940,Mary
3941,James
3942,Stephanie
3943,Mary
3944,James
3945,Lauren
3946,Nathan
3947,Mary
3948,George
3949,Mary
3950,John
3951,Michael
3952,Shawn
3953,Mary
3954,Stephanie
3955,Bryan
3956,Mary
3957,Thomas
3958,Ashley
3959,Laura
3960,Mary
3961,Brian
3962,Kyle
3963,Mary
3964,Harry
3965,Mary
3966,Emma
3967,Mary
3968,Catherine
3969,Carl
3970,Mary
3971,John
3972,Laura
3973,Sharon
3974,Mary
3975,Louis
3976,Johnny
3977,Mary
3978,Barbara
3979,Mary
3980,Frances
3981,Mary
3982,Roger
3983,Mary
3984,Brenda
3985,Debra
3986,Mary
3987,Alice
3988,Mary
3989,Margaret
3990,Sandra
3991,Kevin
3992,Grace
3993,Mary
3994,Susan
3995,Kathryn
3996,Mary
3997,Margaret
3998,Matthew
3999,Sarah
4000,Mary
4001,Maria
4002,Mary
4003,Joseph
4004,Paul
4005,Virginia
4006,Mary
4007,Amanda
4008,Diana
4009,Mary
4010,Michael
4011,Victoria
4012,Mary
4013,Gloria
4014,Mary
4015,Sharon
4016,Mary
4017,James
4018,Mildred
4019,Mary
4020,Angela
4021,Catherine
4022,Mary
4023,Phillip
4024,Mary
4025,Janet
4026,Mary
4027,Robert
4028,Rose
4029,Mary
4030,Angela
4031,Mary
4032,Jennifer
4033,George
4034,Pamela
4035,Mary
4036,David
4037,Megan
4038,Mary
4039,Virginia
4040,Harold
4041,Mary
4042,Marilyn
4043,Mary
4044,Stephen
4045,Mary
4046,Eric
4047,Marilyn
4048,Mary
4049,Brian
4050,Stephanie
4051,Christine
4052,Mary
4053,Rebecca
4054,Mary
4055,Kevin
4056,Mary
4057,George
4058,Mary
4059,Alexander
4060,Mary
4061,Jeffrey
4062,Eugene
4063,Mary
4064,Mildred
4065,Mary
4066,Diana
4067,Mary
4068,Linda
4069,Steven
4070,Mary
4071,William
4072,Benjamin
4073,Mary
4074,Barbara
4075,Amanda
4076,Mary
4077,Amy
4078,Mary
4079,Timothy
4080,Mary
4081,Shawn
4082,Mary
4083,Betty
4084,Brenda
4085,Mary
4086,James
4087,Mary
4088,Kathleen
4089,Samantha
4090,Mary
4091,Doris
4092,Amber
4093,Mary
4094,Judith
4095,Mary
4096,Beverly
4097,Russell
4098,Mary
4099,Evelyn
4100,Mary
4101,Michelle
4102,Alexander
4103,Mary
4104,Debra
4105,Mary
4106,Angela
4107,Larry
4108,Mary
4109,Scott
4110,Maria
4111,Mary
4112,Jonathan
4113,Frank
4114,Mary
4115,Bobby
4116,Mary
4117,Matthew
4118,Mary
4119,Peter
4120,Mary
4121,Cynthia
4122,Mary
4123,Elizabeth
4124,Jerry
4125,Mary
4126,John
4127,Christopher
4128,Mary
4129,Alexander
4130,Amber
4131,Mary
4132,Thomas
4133,Mary
4134,Johnny
4135,Mary
4136,John
4137,Roy
4138,Mary
4139,Michelle
4140,Brandon
4141,Mary
4142,Matthew
4143,Mary
4144,David
4145,Tyler
4146,Mary
4147,Karen
4148,Debra
4149,Mary
4150,Jordan
4151,Mary
4152,Deborah
4153,Kathleen
4154,Mary
4155,Scott
4156,Mary
4157,Sara
4158,Tyler
4159,Mary
4160,Amy
4161,Heather
4162,Benjamin
4163,Grace
4164,Mary
4165,Elizabeth
4166,Katherine
4167,Mary
4168,Zachary
4169,Mary
4170,Debra
4171,Jordan
4172,Mary
4173,Helen
4174,Mary
4175,Julia
4176,Mary
4177,Linda
4178,Edward
4179,Nicole
4180,Mary
4181,Aaron
4182,Mary
4183,Kathleen
4184,Brittany
4185,Mary
4186,Joseph
4187,Jesse
4188,Mary
4189,Heather
4190,Mary
4191,Kimberly
4192,Mary
4193,Daniel
4194,Lisa
4195,Katherine
4196,Mary
4197,George
4198,Tammy
4199,Mary
4200,Ralph
4201,Mary
4202,Kimberly
4203,Eric
4204,Mary
4205,Kevin
4206,Mary
4207,Linda
4208,Samuel
4209,Mary
4210,Matthew
4211,Mary
4212,Robert
4213,Michael
4214,Olivia
4215,Mary
4216,Michael
4217,Paul
4218,Mary
4219,Linda
4220,Mary
4221,Robert
4222,William
4223,Betty
4224,Mary
4225,Amy
4226,Katherine
4227,Mary
4228,Michael
4229,Barbara
4230,Douglas
4231,Arthur
4232,Mary
4233,Matthew
4234,Dorothy
4235,Mary
4236,Sandra
4237,Mary
4238,Bryan
4239,Mary
4240,Kenneth
4241,Mary
4242,Benjamin
4243,Mary
4244,Mark
4245,Steven
4246,Mary
4247,Anna
4248,Jonathan
4249,Mary
4250,Sharon
4251,Mary
4252,Susan
4253,Maria
4254,Mary
4255,Brittany
4256,Mary
4257,William
4258,Charles
4259,Thomas
4260,Debra
4261,Amber
4262,Mary
4263,Paul
4264,Michelle
4265,Debra
4266,Mary
4267,Ashley
4268,Ruth
4269,Mary
4270,Charles
4271,Andrea
4272,Mary
4273,Walter
4274,Mary
4275,Sandra
4276,Jacqueline
4277,Mary
4278,Andrew
4279,Jack
4280,Mary
4281,Kenneth
4282,Mary
4283,Eugene
4284,Mary
4285,Johnny
4286,Mary
4287,Stephen
4288,Mary
4289,Robert
4290,Lori
4291,Mary
4292,Sean
4293,Mary
4294,Christopher
4295,Jessica
4296,Edward
4297,Mary
4298,Walter
4299,Mary
4300,Michael
4301,Emily
4302,Nicole
4303,Mary
4304,Joe
4305,Mary
4306,Janice
4307,Mary
4308,William
4309,Elizabeth
4310,Andrew
4311,Albert
4312,Mary
4313,Margaret
4314,Catherine
4315,Mary
4316,Kevin
4317,Jean
4318,Mary
4319,Melissa
4320,Jordan
4321,Juan
4322,Mary
4323,Steven
4324,Carolyn
4325,Douglas
4326,Mary
4327,Sarah
4328,Doris
4329,Mary
4330,Robert
4331,David
4332,Mary
4333,Janet
4334,Scott
4335,Mary
4336,David
4337,Brandon
4338,Mary
4339,Ruth
4340,Stephen
4341,Mary
4342,David
4343,Donald
4344,Justin
4345,Mary
4346,James
4347,Angela
4348,Mary
4349,Donna
4350,Mary
4351,Patricia
4352,Henry
4353,Mary
4354,Lori
4355,Mary
4356,Anthony
4357,Mary
4358,Joseph
4359,Nathan
4360,Mary
4361,David
4362,Christopher
4363,Mary
4364,Samantha
4365,Mary
4366,Shirley
4367,Danielle
4368,Mary
4369,Joan
4370,Mary
4371,Doris
4372,Mary
4373,Andrea
4374,Mary
4375,Stephanie
4376,Scott
4377,Mary
4378,William
4379,George
4380,Mary
4381,Jordan
4382,Mary
4383,Nicholas
4384,Marie
4385,Mary
4386,Rose
4387,Mary
4388,Richard
4389,Heather
4390,Kelly
4391,Harry
4392,Mary
4393,David
4394,Christopher
4395,Sandra
4396,Mary
4397,Diana
4398,Mary
4399,Richard
4400,Madison
4401,Mary
4402,Heather
4403,Mary
4404,Helen
4405,Anna
4406,Mary
4407,Mary
4408,Anna
4409,Mary
4410,Mary
4411,Kathy
4412,Mary
4413,James
4414,Robert
4415,Samuel
4416,Crystal
4417,Arthur
4418,Mary
4419,Elizabeth
4420,Susan
4421,Carolyn
4422,Mary
4423,Emma
4424,Mary
4425,Robert
4426,Mary
4427,Edward
4428,Mary
4429,Sara
4430,Grace
4431,Mary
4432,Kenneth
4433,Michelle
4434,Mary
4435,George
4436,Janice
4437,Mary
4438,Frank
4439,Mary
4440,James
4441,Donna
4442,Joshua
4443,Harold
4444,Russell
4445,Mary
4446,Cynthia
4447,Mary
4448,Joseph
4449,Pamela
4450,Mary
4451,Joseph
4452,Joyce
4453,Mary
4454,Robert
4455,Jessica
4456,Evelyn
4457,Roger
4458,Mary
4459,Betty
4460,Mary
4461,Jeremy
4462,Mary
4463,Samuel
4464,Mary
4465,John
4466,Rachel
4467,Howard
4468,Mary
4469,Ruth
4470,Mary
4471,Daniel
4472,Mary
4473,Christine
4474,Mary
4475,Bobby
4476,Mary
4477,Jonathan
4478,Mary
4479,Billy
4480,Alan
4481,Mary
4482,Randy
4483,Mary
4484,Gloria
4485,Mary
4486,Patricia
4487,Rebecca
4488,Frances
4489,Mary
4490,Elizabeth
4491,Mary
4492,Pamela
4493,Tiffany
4494,Mary
4495,Mary
4496,Joseph
4497,Shirley
4498,Mary
4499,Cynthia
4500,Jesse
4501,Mary
4502,Ruth
4503,Mary
4504,Betty
4505,Mary
4506,Michael
4507,Mary
4508,Emma
4509,Mary
4510,Rachel
4511,Mary
4512,Jane
4513,Mary
4514,Carl
4515,Mary
4516,Harry
4517,Mary
4518,Jennifer
4519,Kevin
4520,Mary
4521,Gerald
4522,Mary
4523,Madison
4524,Johnny
4525,Mary
4526,Carol
4527,Mary
4528,Karen
4529,Steven
4530,Mary
4531,Gary
4532,Alice
4533,Walter
4534,Mary
4535,Ruth
4536,Mary
4537,Michael
4538,Matthew
4539,Jacqueline
4540,Mary
4541,Margaret
4542,Lisa
4543,Russell
4544,Mary
4545,Andrea
4546,Mary
4547,Mary
4548,Ruth
4549,Mary
4550,Patricia
4551,Jonathan
4552,Janice
4553,Mary
4554,Brandon
4555,Mary
4556,Mary
4557,David
4558,Jennifer
4559,Margaret
4560,Mary
4561,Scott
4562,Mary
4563,Melissa
4564,Mary
4565,Marilyn
4566,Mary
4567,Rose
4568,Mary
4569,Charles
4570,Karen
4571,Catherine
4572,Crystal
4573,Mary
4574,Margaret
4575,Ashley
4576,Deborah
4577,Scott
4578,Mary
4579,William
4580,Charles
4581,Jessica
4582,Brian
4583,Terry
4584,Mary
4585,Lauren
4586,Mary
4587,Anthony
4588,Melissa
4589,Mary
4590,Michael
4591,Eric
4592,Mary
4593,Anthony
4594,Mary
4595,Christian
4596,Mary
4597,Linda
4598,Gloria
4599,Mary
4600,Roger
4601,Mary
4602,Karen
4603,Emily
4604,Mary
4605,Andrew
4606,Carol
4607,Stephanie
4608,Mary
4609,Philip
4610,Mary
4611,Dorothy
4612,Mary
4613,Ashley
4614,Mary
4615,Christopher
4616,George
4617,Jason
4618,Andrea
4619,Mary
4620,Carolyn
4621,Doris
4622,Mary
4623,Jessica
4624,Kenneth
4625,Mary
4626,Brian
4627,Eric
4628,Mary
4629,Kimberly
4630,Mary
4631,Carol
4632,Brandon
4633,Mary
4634,Peter
4635,Mary
4636,Karen
4637,Mary
4638,Donald
4639,Kevin
4640,Eric
4641,Rachel
4642,Mary
4643,Louis
4644,Mary
4645,Steven
4646,Arthur
4647,Mary
4648,Ryan
4649,Diana
4650,Mary
4651,Gerald
4652,Mary
4653,John
4654,Alexander
4655,Mary
4656,Eric
4657,Mary
4658,Sarah
4659,Paul
4660,Maria
4661,Mildred
4662,Mary
4663,Paul
4664,Mary
4665,Jessica
4666,Mary
4667,Cheryl
4668,Mary
4669,Robert
4670,Sharon
4671,Eric
4672,Mary
4673,Wayne
4674,Mary
4675,Jessica
4676,Donna
4677,Timothy
4678,Mary
4679,Sarah
4680,Gloria
4681,Mary
4682,Marilyn
4683,Mary
4684,Ann
4685,Tyler
4686,Mary
4687,Evelyn
4688,Mary
4689,Sandra
4690,Nicholas
4691,Phillip
4692,Mary
4693,Wayne
4694,Mary
4695,Hannah
4696,Mary
4697,Kathryn
4698,Mary
4699,William
4700,Mary
4701,Joyce
4702,Mary
4703,Shirley
4704,Henry
4705,Mary
4706,Mary
4707,Victoria
4708,Mary
4709,Jesse
4710,Mary
4711,Ryan
4712,Nicholas
4713,Jack
4714,Mary
4715,Kenneth
4716,Edward
4717,Mary
4718,Stephanie
4719,Mary
4720,Carolyn
4721,Scott
4722,Sara
4723,Terry
4724,Mary
4725,Gerald
4726,Mary
4727,Amanda
4728,Mary
4729,Robert
4730,Karen
4731,Hannah
4732,Mary
4733,Diane
4734,Teresa
4735,Mary
4736,Zachary
4737,Mary
4738,Thomas
4739,Mary
4740,Willie
4741,Mary
4742,Bobby
4743,Mary
4744,Cynthia
4745,Mary
4746,Jean
4747,Janice
4748,Mary
4749,Michelle
4750,Mary
4751,Brandon
4752,Mary
4753,Diana
4754,Mary
4755,Betty
4756,Mary
4757,George
4758,Mary
4759,Charles
4760,Cynthia
4761,Mary
4762,Cynthia
4763,Mary
4764,Christopher
4765,Mary
4766,Thomas
4767,Jennifer
4768,Amanda
4769,Mary
4770,Andrea
4771,Mary
4772,Robert
4773,Andrew
4774,Mary
4775,Walter
4776,Mary
4777,David
4778,Amy
4779,Theresa
4780,Mary
4781,Janet
4782,Mary
4783,Shirley
4784,Mary
4785,Rachel
4786,Mary
4787,Brian
4788,Mary
4789,Kathleen
4790,Mildred
4791,Mary
4792,Dorothy
4793,Cynthia
4794,Julia
4795,Mary
4796,Kelly
4797,Russell
4798,Mary
4799,Paul
4800,Mary
4801,Aaron
4802,Mary
4803,Kelly
4804,Mary
4805,Karen
4806,Mary
4807,Raymond
4808,Mary
4809,Elizabeth
4810,Mary
4811,Karen
4812,Nathan
4813,Mary
4814,Paul
4815,Jerry
4816,Bruce
4817,Mary
4818,Stephanie
4819,Mary
4820,Jennifer
4821,Brittany
4822,Mary
4823,Diana
4824,Mary
4825,Jack
4826,Roy
4827,Mary
4828,Danielle
4829,Mary
4830,Henry
4831,Mary
4832,Raymond
4833,Mary
4834,Shirley
4835,Katherine
4836,Mary
4837,Robert
4838,Mark
4839,Ashley
4840,Mary
4841,John
4842,Rachel
4843,Mary
4844,Lauren
4845,Douglas
4846,Mary
4847,Michael
4848,Jennifer
4849,Teresa
4850,Mary
4851,Kimberly
4852,Joshua
4853,Mary
4854,Laura
4855,Tyler
4856,Mary
4857,Nancy
4858,Mary
4859,Michelle
4860,Mary
4861,Rebecca
4862,Mary
4863,Elizabeth
4864,Crystal
4865,Mary
4866,Sean
4867,Mary
4868,Andrea
4869,Mary
4870,Pamela
4871,Justin
4872,Mary
4873,Samantha
4874,Mary
4875,Edward
4876,Harry
4877,Mary
4878,Sandra
4879,Helen
4880,Carol
4881,Kelly
4882,Mary
4883,Vincent
4884,Mary
4885,Kenneth
4886,Angela
4887,Nicholas
4888,Mary
4889,Carolyn
4890,Mary
4891,Richard
4892,Mary
4893,William
4894,Nancy
4895,Edward
4896,Nicholas
4897,Mary
4898,Joseph
4899,Mary
4900,James
4901,Brenda
4902,Martha
4903,Mary
4904,Bruce
4905,Mary
4906,Richard
4907,Amanda
4908,Ann
4909,Mary
4910,Raymond
4911,Mary
4912,William
4913,Jerry
4914,Mary
4915,Matthew
4916,Larry
4917,Lauren
4918,Mary
4919,Judith
4920,Gloria
4921,Mary
4922,Robert
4923,Crystal
4924,Mary
4925,Julia
4926,Mary
4927,Carolyn
4928,Mary
4929,Janet
4930,Mary
4931,Arthur
4932,Gerald
4933,Mary
4934,Richard
4935,Sarah
4936,Kyle
4937,Mary
4938,Donald
4939,Carol
4940,Marie
4941,Mary
4942,David
4943,Paul
4944,George
4945,Mary
4946,Howard
4947,Mary
4948,Emily
4949,Mary
4950,Brittany
4951,Mary
4952,Elizabeth
4953,Pamela
4954,Mary
4955,Frank
4956,Mary
4957,Lawrence
4958,Mary
4959,Laura
4960,Mary
4961,Justin
4962,Arthur
4963,Mary
4964,Charles
4965,Mary
4966,Amber
4967,Mary
4968,Johnny
4969,Mary
4970,Nancy
4971,Mary
4972,Matthew
4973,Alan
4974,Mary
4975,Diane
4976,Mary
4977,Howard
4978,Mary
4979,Emily
4980,Mary
4981,Richard
4982,Cynthia
4983,Hannah
4984,Mary
4985,Deborah
4986,Katherine
4987,Mary
4988,Michelle
4989,Mary
4990,Karen
4991,Mary
4992,Grace
4993,Mary
4994,Anthony
4995,Mary
4996,Christine
4997,Roy
4998,Mary
4999,Virginia
5000,Mary
5001,Ann
5002,Bryan
5003,Mary
5004,Dorothy
5005,Mary
5006,Ann
5007,Mary
5008,Donald
5009,Aaron
5010,Mary
5011,William
5012,Karen
5013,Mary
5014,Peter
5015,Mary
5016,James
5017,Joyce
5018,Jerry
5019,Mary
5020,Lawrence
5021,Mary
5022,Judy
5023,Mary
5024,Thomas
5025,Paul
5026,Christian
5027,Mary
5028,Joseph
5029,Kevin
5030,Rose
5031,Mary
5032,Christopher
5033,Mary
5034,Rose
5035,Mary
5036,Andrew
5037,Amber
5038,Mary
5039,Christopher
5040,Emily
5041,Mary
5042,Andrew
5043,Mary
5044,Linda
5045,Nathan
5046,Mary
5047,Shirley
5048,Johnny
5049,Mary
5050,Susan
5051,Brenda
5052,Larry
5053,Mary
5054,Paul
5055,Emma
5056,Mary
5057,Angela
5058,Mary
5059,Deborah
5060,Mary
5061,Charles
5062,Donald
5063,Frank
5064,Mary
5065,Donald
5066,Mary
5067,Robert
5068,Anna
5069,Mary
5070,Dorothy
5071,Andrew
5072,Jacob
5073,Mary
5074,Karen
5075,Sharon
5076,Mary
5077,Donald
5078,Frances
5079,Gregory
5080,Mary
5081,Elizabeth
5082,Susan
5083,George
5084,Edward
5085,Janet
5086,Mary
5087,Mark
5088,Mary
5089,James
5090,Margaret
5091,Sarah
5092,Mary
5093,Sara
5094,Mary
5095,Louis
5096,Mary
5097,Jennifer
5098,Janet
5099,Mary
5100,Stephen
5101,Mary
5102,Heather
5103,Mary
5104,Kevin
5105,Mary
5106,Dylan
5107,Mary
5108,Victoria
5109,Beverly
5110,Mary
5111,Janice
5112,Mary
5113,Judith
5114,Mary
5115,Paul
5116,Doris
5117,Grace
5118,Mary
5119,Brenda
5120,Mary
5121,Shawn
5122,Mary
5123,Michelle
5124,Amber
5125,Mary
5126,Karen
5127,Mary
5128,Angela
5129,Dennis
5130,Mary
5131,Steven
5132,Rebecca
5133,Grace
5134,Mary
5135,Harold
5136,Mary
5137,James
5138,William
5139,Janet
5140,Mary
5141,Marie
5142,Mary
5143,Mark
5144,Mary
5145,James
5146,Harry
5147,Mary
5148,Grace
5149,Marilyn
5150,Mary
5151,Sarah
5152,Mary
5153,Evelyn
5154,Teresa
5155,Mary
5156,Stephen
5157,Mary
5158,Ashley
5159,Mary
5160,Steven
5161,Mary
5162,Mary
5163,Patricia
5164,Teresa
5165,Mary
5166,James
5167,Louis
5168,Mary
5169,Tiffany
5170,Mary
5171,Joan
5172,Ann
5173,Mary
5174,Helen
5175,Mary
5176,Jessica
5177,Tiffany
5178,Mary
5179,Robert
5180,Raymond
5181,Mary
5182,Thomas
5183,Mary
5184,Christopher
5185,Mary
5186,Jason
5187,Mary
5188,Margaret
5189,Frank
5190,Mary
5191,Elizabeth
5192,Susan
5193,Amanda
5194,Mary
5195,Steven
5196,Mary
5197,Brenda
5198,Mary
5199,Patricia
5200,Jennifer
5201,Michelle
5202,Mary
5203,Mary
5204,Andrew
5205,Diane
5206,Mary
5207,Catherine
5208,Megan
5209,Mary
5210,Thomas
5211,Brian
5212,Mary
5213,Betty
5214,Mary
5215,Amber
5216,Mary
5217,David
5218,Timothy
5219,Patrick
5220,Mary
5221,Amanda
5222,Evelyn
5223,Mary
5224,Jane
5225,Mary
5226,Martha
5227,Madison
5228,Mary
5229,Thomas
5230,Jason
5231,Mary
5232,Zachary
5233,Mary
5234,Shirley
5235,Mary
5236,Jessica
5237,Mary
5238,Frank
5239,Johnny
5240,Mary
5241,Emily
5242,Cheryl
5243,Mary
5244,Alexander
5245,Mary
5246,Emily
5247,Mary
5248,James
5249,Robert
5250,Donald
5251,Stephen
5252,Mary
5253,Susan
5254,Victoria
5255,Mary
5256,Cheryl
5257,Denise
5258,Mary
5259,Dennis
5260,Mary
5261,Jennifer
5262,Eric
5263,Benjamin
5264,Mary
5265,Sarah
5266,Adam
5267,Mary
5268,Stephen
5269,Mary
5270,Andrea
5271,Mary
5272,Jean
5273,Mary
5274,Michael
5275,Alan
5276,Mary
5277,James
5278,Raymond
5279,Kathryn
5280,Mary
5281,James
5282,Gary
5283,Jacob
5284,Mary
5285,Heather
5286,Mary
5287,Margaret
5288,Timothy
5289,Jacob
5290,Mary
5291,Carolyn
5292,Mary
5293,Michelle
5294,Nicholas
5295,Mary
5296,Evelyn
5297,Mary
5298,Lisa
5299,Mary
5300,Joseph
5301,Mary
5302,Betty
5303,Diana
5304,Mary
5305,Kathleen
5306,Mary
5307,Nicholas
5308,Mary
5309,Jessica
5310,Ryan
5311,Mary
5312,Nancy
5313,Mary
5314,Karen
5315,Tammy
5316,Mary
5317,Mary
5318,Jessica
5319,Melissa
5320,Mary
5321,Robert
5322,Christine
5323,Julia
5324,Mary
5325,Diana
5326,Sean
5327,Mary
5328,William
5329,Jack
5330,Mary
5331,Victoria
5332,Mary
5333,James
5334,Michael
5335,Phillip
5336,Mary
5337,Samuel
5338,Amber
5339,Mary
5340,Nicole
5341,Mary
5342,Willie
5343,Mary
5344,Jacqueline
5345,Mary
5346,John
5347,Madison
5348,Mary
5349,Kenneth
5350,Timothy
5351,Mary
5352,Emma
5353,Mary
5354,William
5355,Andrea
5356,Mary
5357,Jean
5358,Mary
5359,Raymond
5360,Mary
5361,John
5362,Brenda
5363,Mary
5364,Thomas
5365,Mary
5366,Lawrence
5367,Mary
5368,Gerald
5369,Mary
5370,Andrew
5371,Emma
5372,Mary
5373,Patricia
5374,Brandon
5375,Jeremy
5376,Mary
5377,Crystal
5378,Mary
5379,Ralph
5380,Mary
5381,Marilyn
5382,Mary
5383,Mary
5384,Christopher
5385,Lisa
5386,Brenda
5387,Mary
5388,David
5389,Mary
5390,Kimberly
5391,Mary
5392,Ann
5393,Mary
5394,Diana
5395,Mary
5396,Cheryl
5397,Mary
5398,James
5399,Jean
5400,Mary
5401,Amber
5402,Crystal
5403,Mary
5404,Sara
5405,Hannah
5406,Mary
5407,Joshua
5408,Rebecca
5409,Ethan
5410,Mary
5411,Robert
5412,Roger
5413,Mary
5414,Helen
5415,Mary
5416,Justin
5417,Dennis
5418,Mary
5419,Jennifer
5420,Dylan
5421,Mary
5422,Michael
5423,Ruth
5424,Mary
5425,Mary
5426,Mary
5427,Betty
5428,Mary
5429,Betty
5430,Emma
5431,Judith
5432,Denise
5433,Mary
5434,Maria
5435,Mary
5436,Mary
5437,Austin
5438,Mary
5439,Samuel
5440,Mary
5441,Sharon
5442,Judy
5443,Mary
5444,Amy
5445,Alexander
5446,Mary
5447,James
5448,Kelly
5449,Mary
5450,John
5451,Wayne
5452,Mary
5453,Grace
5454,Mary
5455,Emily
5456,Johnny
5457,Mary
5458,Harold
5459,Mary
5460,Lori
5461,Mary
5462,James
5463,Mary
5464,Peter
5465,Mary
5466,Carl
5467,Mary
5468,Katherine
5469,Mary
5470,Robert
5471,Donald
5472,Joyce
5473,Randy
5474,Mary
5475,Debra
5476,Lauren
5477,Mary
5478,Megan
5479,Mary
5480,Matthew
5481,Mary
5482,Anthony
5483,Mary
5484,Stephanie
5485,Kathy
5486,Mary
5487,Eugene
5488,Mary
5489,Teresa
5490,Mary
5491,Sharon
5492,Frank
5493,Mary
5494,Rose
5495,Mary
5496,Kevin
5497,Katherine
5498,Mary
5499,Karen
5500,Diane
5501,Samuel
5502,Mary
5503,Tiffany
5504,Mary
5505,Joseph
5506,Gregory
5507,Carl
5508,Mary
5509,Diana
5510,Mary
5511,Linda
5512,Timothy
5513,Mary
5514,Linda
5515,Mary
5516,Marilyn
5517,Mary
5518,Patricia
5519,Deborah
5520,Virginia
5521,Mary
5522,Rebecca
5523,Mary
5524,Mark
5525,Kevin
5526,Mary
5527,Joshua
5528,Nathan
5529,Mary
5530,Donald
5531,Philip
5532,Mary
5533,Mary
5534,Elizabeth
5535,Andrea
5536,Mary
5537,James
5538,Lisa
5539,Mary
5540,Deborah
5541,Johnny
5542,Mary
5543,Patricia
5544,Mary
5545,David
5546,Jeremy
5547,Mary
5548,Michael
5549,Kathryn
5550,Mary
5551,Diane
5552,Mary
5553,Patricia
5554,Hannah
5555,Mary
5556,Richard
5557,Ann
5558,Mary
5559,Alice
5560,Mary
5561,Jerry
5562,Mary
5563,Paul
5564,Mary
5565,Laura
5566,Theresa
5567,Mary
5568,Eric
5569,Katherine
5570,Mary
5571,David
5572,Richard
5573,Jordan
5574,Mary
5575,Richard
5576,Alice
5577,Mary
5578,Sarah
5579,Mary
5580,Kathryn
5581,Mary
5582,Gloria
5583,Mary
5584,Ruth
5585,Mary
5586,Catherine
5587,Brandon
5588,Jane
5589,Mary
5590,Frank
5591,Emma
5592,Mary
5593,Jacqueline
5594,Mary
5595,Samuel
5596,Mary
5597,Robert
5598,Sharon
5599,Mary
5600,Helen
5601,Deborah
5602,Mary
5603,David
5604,Frances
5605,Mary
5606,Teresa
5607,Mary
5608,James
5609,Michael
5610,Mary
5611,Michael
5612,Mary
5613,Michael
5614,Carolyn
5615,Albert
5616,Mary
5617,Barbara
5618,Victoria
5619,Mary
5620,Randy
5621,Mary
5622,Ronald
5623,Jose
5624,Mary
5625,Thomas
5626,Frank
5627,Judith
5628,Zachary
5629,Mary
5630,Raymond
5631,Gloria
5632,Douglas
5633,Mary
5634,Carl
5635,Mary
5636,Hannah
5637,Mary
5638,Tyler
5639,Mary
5640,Matthew
5641,Eric
5642,Mary
5643,Tiffany
5644,Carl
5645,Mary
5646,Christine
5647,Mary
5648,Joshua
5649,Mary
5650,Joseph
5651,Michelle
5652,Mary
5653,Jean
5654,Jerry
5655,Mary
5656,Marilyn
5657,Mary
5658,Michael
5659,Betty
5660,Mary
5661,Christopher
5662,Mary
5663,Jennifer
5664,Teresa
5665,Mary
5666,Katherine
5667,Mary
5668,Christina
5669,Mary
5670,Rachel
5671,Jacqueline
5672,Mary
5673,Jean
5674,Ethan
5675,Mary
5676,William
5677,Paul
5678,Nathan
5679,Mary
5680,Laura
5681,Heather
5682,Mary
5683,Rachel
5684,Mary
5685,Joshua
5686,Mary
5687,Mary
5688,Robert
5689,Thomas
5690,Mary
5691,James
5692,Shirley
5693,Amber
5694,Mary
5695,Jeffrey
5696,Mary
5697,Doris
5698,Mary
5699,Mildred
5700,Mary
5701,Mary
5702,Karen
5703,Mary
5704,Matthew
5705,Joyce
5706,Mary
5707,Kathy
5708,Mary
5709,Shirley
5710,Mary
5711,Nicholas
5712,Mary
5713,Michael
5714,Christopher
5715,Kelly
5716,Mary
5717,Robert
5718,Philip
5719,Mary
5720,Peter
5721,Roger
5722,Mary
5723,Samantha
5724,Christian
5725,Mary
5726,Terry
5727,Mary
5728,Sarah
5729,Louis
5730,Mary
5731,Jennifer
5732,Jacob
5733,Randy
5734,Mary
5735,Ashley
5736,Mary
5737,Brenda
5738,Mildred
5739,Mary
5740,Lawrence
5741,Mary
5742,Laura
5743,Mary
5744,Walter
5745,Mary
5746,Julie
5747,Mary
5748,Shawn
5749,Mary
5750,Willie
5751,Mary
5752,Barbara
5753,Mary
5754,Carol
5755,Marie
5756,Mary
5757,Zachary
5758,Jordan
5759,Mary
5760,Larry
5761,Mary
5762,Crystal
5763,Mary
5764,William
5765,Maria
5766,Mary
5767,John
5768,Sandra
5769,Frank
5770,Brandon
5771,Mary
5772,Andrea
5773,Mary
5774,Virginia
5775,Joyce
5776,Albert
5777,Mary
5778,Evelyn
5779,Mary
5780,Mary
5781,Jack
5782,Mary
5783,Daniel
5784,Matthew
5785,Mary
5786,Brian
5787,Jordan
5788,Mary
5789,Katherine
5790,Mary
5791,Debra
5792,Mary
5793,Margaret
5794,Bruce
5795,Mary
5796,Crystal
5797,Roy
5798,Mary
5799,Keith
5800,Mary
5801,Theresa
5802,Mary
5803,Rebecca
5804,Mary
5805,Raymond
5806,Mary
5807,Edward
5808,Amanda
5809,Mary
5810,Anthony
5811,Mary
5812,Angela
5813,Mary
5814,Debra
5815,Mary
5816,Barbara
5817,Mary
5818,Brandon
5819,Mary
5820,Margaret
5821,Jessica
5822,Maria
5823,Mary
5824,James
5825,Roy
5826,Mary
5827,Angela
5828,Katherine
5829,Mary
5830,Mary
5831,Patricia
5832,Jennifer
5833,Jessica
5834,Andrew
5835,Justin
5836,Mary
5837,Denise
5838,Mary
5839,David
5840,Andrea
5841,Mary
5842,Lisa
5843,Jack
5844,Mary
5845,Daniel
5846,Betty
5847,Mary
5848,Tammy
5849,Mary
5850,Robert
5851,Raymond
5852,Mary
5853,Ralph
5854,Mary
5855,Daniel
5856,Melissa
5857,Mary
5858,John
5859,Ronald
5860,Alan
5861,Mary
5862,David
5863,Amy
5864,Mary
5865,David
5866,Daniel
5867,Beverly
5868,Mary
5869,Mary
5870,John
5871,Cynthia
5872,Mary
5873,Jerry
5874,Mary
5875,Mary
5876,Kevin
5877,Mary
5878,Sharon
5879,Mary
5880,Jennifer
5881,Dorothy
5882,Mary
5883,James
5884,Gary
5885,Mary
5886,Ann
5887,Mary
5888,Donald
5889,Jonathan
5890,Mary
5891,Margaret
5892,Catherine
5893,Mary
5894,Lauren
5895,Mary
5896,Wayne
5897,Mary
5898,Emily
5899,Mary
5900,James
5901,Matthew
5902,Mary
5903,Virginia
5904,Catherine
5905,Denise
5906,Austin
5907,Mary
5908,Emily
5909,Catherine
5910,Mary
5911,Andrew
5912,Mary
5913,Cynthia
5914,Nicholas
5915,Mary
5916,Karen
5917,Ashley
5918,Jeffrey
5919,Mary
5920,Dorothy
5921,Mary
5922,Sharon
5923,Mary
5924,Virginia
5925,Megan
5926,Mary
5927,Christopher
5928,Janice
5929,Mary
5930,Sara
5931,Mary
5932,Charles
5933,Megan
5934,Mary
5935,Mary
5936,Michael
5937,William
5938,Donna
5939,Shirley
5940,Mary
5941,Douglas
5942,Walter
5943,Mary
5944,Stephen
5945,Mary
5946,Daniel
5947,Eric
5948,Mary
5949,Ryan
5950,Mary
5951,Brenda
5952,Jacob
5953,Mary
5954,Amy
5955,Mildred
5956,Mary
5957,Harold
5958,Mary
5959,Thomas
5960,Margaret
5961,Kevin
5962,Jordan
5963,Johnny
5964,Mary
5965,Richard
5966,Joseph
5967,Matthew
5968,Deborah
5969,Adam
5970,Mary
5971,Philip
5972,Mary
5973,Michael
5974,Harold
5975,Mary
5976,William
5977,Amanda
5978,Lauren
5979,Mary
5980,Betty
5981,Ronald
5982,Sharon
5983,Mary
5984,Janet
5985,Mary
5986,Matthew
5987,Mary
5988,Melissa
5989,Kathleen
5990,Mary
5991,Stephen
5992,Mary
5993,Austin
5994,Mary
5995,Emma
5996,Mary
5997,Jonathan
5998,Mary
5999,Randy
6000,Mary
6001,Andrew
6002,Nathan
6003,Mary
6004,Mary
6005,Emily
6006,Mary
6007,Edward
6008,Mary
6009,Mary
6010,Nancy
6011,Phillip
6012,Mary
6013,Peter
6014,Mary
6015,Emily
6016,Mary
6017,Juan
6018,Mary
6019,Martha
6020,Mary
6021,Janice
6022,Mary
6023,Shirley
6024,Jesse
6025,Mary
6026,Diana
6027,Mary
6028,Elizabeth
6029,Donald
6030,Alexander
6031,Mary
6032,Rose
6033,Mary
6034,Cheryl
6035,Mary
6036,Barbara
6037,Dorothy
6038,Sharon
6039,Theresa
6040,Mary
6041,Daniel
6042,Mary
6043,Amanda
6044,Megan
6045,Mary
6046,Brandon
6047,Mary
6048,Mary
6049,Patricia
6050,Rebecca
6051,Gregory
6052,Mary
6053,David
6054,Richard
6055,Carol
6056,Hannah
6057,Mary
6058,Lauren
6059,Mary
6060,Michael
6061,Mary
6062,Thomas
6063,Judith
6064,Mary
6065,Thomas
6066,Mary
6067,Mary
6068,Michael
6069,Helen
6070,Debra
6071,Mary
6072,Stephen
6073,Mary
6074,Danielle
6075,Mary
6076,Amy
6077,Carolyn
6078,Roger
6079,Bruce
6080,Mary
6081,Lauren
6082,Mary
6083,Andrea
6084,Mary
6085,Roger
6086,Mary
6087,Evelyn
6088,Mary
6089,Laura
6090,Mary
6091,Alan
6092,Mary
6093,Douglas
6094,Gerald
6095,Mary
6096,Brenda
6097,Heather
6098,Mary
6099,Helen
6100,Joshua
6101,Mary
6102,Henry
6103,Mary
6104,Roger
6105,Mary
6106,Paul
6107,Mary
6108,Emma
6109,Zachary
6110,Mary
6111,Cynthia
6112,Peter
6113,Mary
6114,Sandra
6115,Mary
6116,Kimberly
6117,Gloria
6118,Mary
6119,Sandra
6120,Mary
6121,Jack
6122,Johnny
6123,Mary
6124,William
6125,Jeremy
6126,Mary
6127,Debra
6128,Mary
6129,Elizabeth
6130,Donald
6131,Mary
6132,Madison
6133,Mary
6134,James
6135,Alexander
6136,Mary
6137,Eric
6138,Theresa
6139,Mary
6140,Willie
6141,Mary
6142,Andrew
6143,Deborah
6144,Mary
6145,Tiffany
6146,Mary
6147,Danielle
6148,Mary
6149,Matthew
6150,Willie
6151,Mary
6152,Joseph
6153,Mary
6154,Stephanie
6155,Christine
6156,Mary
6157,Susan
6158,Carl
6159,Mary
6160,William
6161,Benjamin
6162,Wayne
6163,Mary
6164,Juan
6165,Mary
6166,Margaret
6167,Larry
6168,Arthur
6169,Mary
6170,Hannah
6171,Mary
6172,James
6173,Amanda
6174,Carl
6175,Mary
6176,William
6177,Olivia
6178,Mary
6179,Samuel
6180,Mary
6181,David
6182,Pamela
6183,Mary
6184,James
6185,Donald
6186,Randy
6187,Mary
6188,Kevin
6189,Mary
6190,John
6191,Donna
6192,Tyler
6193,Mary
6194,Robert
6195,William
6196,Jennifer
6197,Dennis
6198,Jeremy
6199,Mary
6200,Brenda
6201,Judy
6202,Mary
6203,Jacqueline
6204,Mary
6205,Jason
6206,Mary
6207,Daniel
6208,Emma
6209,Mary
6210,Richard
6211,Nicholas
6212,Mary
6213,Michael
6214,Melissa
6215,Mary
6216,Thomas
6217,Roger
6218,Mary
6219,Walter
6220,Mary
6221,Andrew
6222,Stephanie
6223,Carolyn
6224,Scott
6225,Mary
6226,John
6227,David
6228,Roger
6229,Mary
6230,Kenneth
6231,Mary
6232,Janet
6233,Mary
6234,Mary
6235,Stephen
6236,Mary
6237,Bobby
6238,Mary
6239,Karen
6240,Virginia
6241,Mary
6242,David
6243,Virginia
6244,Mary
6245,Margaret
6246,Melissa
6247,Mary
6248,Ronald
6249,Mary
6250,Sarah
6251,Mary
6252,Kevin
6253,Mary
6254,Charles
6255,Joshua
6256,Mary
6257,Alice
6258,Mary
6259,Samantha
6260,Mary
6261,David
6262,Mary
6263,John
6264,Thomas
6265,Mary
6266,Deborah
6267,Juan
6268,Mary
6269,Charles
6270,Julia
6271,Mary
6272,Charles
6273,Steven
6274,Mary
6275,Jane
6276,Mary
6277,Eugene
6278,Mary
6279,Gary
6280,Mary
6281,Eugene
6282,Mary
6283,Joan
6284,Mary
6285,Mary
6286,Randy
6287,Mary
6288,Catherine
6289,Madison
6290,Mary
6291,Dorothy
6292,Marie
6293,Mary
6294,Thomas
6295,Jessica
6296,Mary
6297,Patricia
6298,Mary
6299,Richard
6300,Willie
6301,Mary
6302,Christina
6303,Mary
6304,Justin
6305,Mary
6306,Donna
6307,Gregory
6308,Mary
6309,Cynthia
6310,Jerry
6311,Mary
6312,Andrew
6313,Zachary
6314,Vincent
6315,Mary
6316,Kyle
6317,Mary
6318,Gerald
6319,Mary
6320,Ryan
6321,Mary
6322,Richard
6323,Gerald
6324,Mary
6325,Victoria
6326,Mary
6327,Mary
6328,Austin
6329,Bruce
6330,Mary
6331,Amy
6332,Mary
6333,Ralph
6334,Dylan
6335,Mary
6336,Richard
6337,Mary
6338,Sharon
6339,Mary
6340,Linda
6341,Daniel
6342,Kimberly
6343,Nicole
6344,Mary
6345,David
6346,Mary
6347,Mark
6348,Mary
6349,Aaron
6350,Mary
6351,Michael
6352,Madison
6353,Mary
6354,Matthew
6355,Kelly
6356,Mary
6357,Ruth
6358,Mary
6359,Jerry
6360,Mary
6361,Mary
6362,Ethan
6363,Mary
6364,Megan
6365,Mary
6366,John
6367,Daniel
6368,Mary
6369,Linda
6370,Andrea
6371,Mary
6372,Henry
6373,Mary
6374,Rebecca
6375,Mary
6376,Crystal
6377,Mary
6378,Steven
6379,Virginia
6380,Mary
6381,George
6382,Mary
6383,David
6384,Roy
6385,Alan
6386,Mary
6387,John
6388,Emma
6389,Mary
6390,Joe
6391,Mary
6392,Patricia
6393,Mary
6394,Jacqueline
6395,Mary
6396,Frank
6397,Mary
6398,Tammy
6399,Mary
6400,Charles
6401,Joan
6402,Mary
6403,Cheryl
6404,Dylan
6405,Mary
6406,Daniel
6407,Steven
6408,Kevin
6409,Mary
6410,Stephanie
6411,Lauren
6412,Mary
6413,Michelle
6414,Mary
6415,Terry
6416,Mary
6417,Helen
6418,Olivia
6419,Mary
6420,Jacqueline
6421,Mary
6422,Jonathan
6423,Dylan
6424,Mary
6425,Ruth
6426,Mary
6427,Nicholas
6428,Mary
6429,Brian
6430,Mary
6431,Richard
6432,Phillip
6433,Mary
6434,Rebecca
6435,Judy
6436,Mary
6437,Sara
6438,Peter
6439,Mary
6440,Jessica
6441,Mary
6442,Amanda
6443,Mary
6444,John
6445,Emma
6446,Mary
6447,Helen
6448,Mary
6449,Daniel
6450,Mary
6451,Martha
6452,Tiffany
6453,Mary
6454,Kathleen
6455,Ethan
6456,Mary
6457,Dorothy
6458,Jonathan
6459,Vincent
6460,Mary
6461,Patricia
6462,Ethan
6463,Mary
6464,Wayne
6465,Mary
6466,Susan
6467,Mary
6468,William
6469,Mary
6470,Douglas
6471,Mary
6472,Albert
6473,Mary
6474,Madison
6475,Mary
6476,Julie
6477,Jerry
6478,Mary
6479,Paul
6480,Ryan
6481,Joe
6482,Mary
6483,Mary
6484,George
6485,Carolyn
6486,Mary
6487,Stephen
6488,Mary
6489,Maria
6490,Ann
6491,Bruce
6492,Bryan
6493,Mary
6494,Brittany
6495,Mary
6496,Rose
6497,Mary
6498,William
6499,Ashley
6500,Joyce
6501,Mary
6502,Linda
6503,Heather
6504,Mary
6505,Margaret
6506,Anna
6507,Nicholas
6508,Philip
6509,Mary
6510,Karen
6511,Nancy
6512,Rachel
6513,Mary
6514,Crystal
6515,Mary
6516,Angela
6517,Amber
6518,Mary
6519,Mary
6520,Judy
6521,Mary
6522,Ruth
6523,Mary
6524,Megan
6525,Mary
6526,Amanda
6527,Andrea
6528,Mary
6529,Aaron
6530,Mary
6531,Sara
6532,Mary
6533,Patrick
6534,Mary
6535,Brittany
6536,Mary
6537,Susan
6538,Mark
6539,Mary
6540,John
6541,Susan
6542,Cynthia
6543,Alexander
6544,Mary
6545,Jennifer
6546,Mary
6547,Melissa
6548,Mary
6549,Megan
6550,Tammy
6551,Mary
6552,Brenda
6553,Larry
6554,Mary
6555,Jessica
6556,Mary
6557,Margaret
6558,Ethan
6559,Mary
6560,Melissa
6561,Jane
6562,Mary
6563,Kathy
6564,Mary
6565,James
6566,David
6567,Jeffrey
6568,Mary
6569,Samantha
6570,Mary
6571,Brenda
6572,Mary
6573,Joseph
6574,Mary
6575,Sarah
6576,Emma
6577,Mary
6578,Roger
6579,Mary
6580,Anthony
6581,Christian
6582,Mary
6583,Heather
6584,Mary
6585,Andrew
6586,Mary
6587,Heather
6588,Mary
6589,Crystal
6590,Mary
6591,Lauren
6592,Tyler
6593,Mary
6594,Rebecca
6595,Mary
6596,Nicole
6597,Albert
6598,Mary
6599,Robert
6600,Arthur
6601,Mary
6602,Robert
6603,Brenda
6604,Heather
6605,Mary
6606,Elizabeth
6607,Joan
6608,Mary
6609,Betty
6610,Mary
6611,Dennis
6612,Mary
6613,Ashley
6614,Janet
6615,Mary
6616,Shirley
6617,Mary
6618,Julie
6619,Mary
6620,Elizabeth
6621,Joan
6622,Mary
6623,Christian
6624,Mary
6625,Randy
6626,Mary
6627,Christina
6628,Billy
6629,Mary
6630,Roy
6631,Mary
6632,Jessica
6633,Roger
6634,Mary
6635,Bryan
6636,Mary
6637,Eric
6638,Diane
6639,Mary
6640,Patricia
6641,Debra
6642,Mary
6643,Nicholas
6644,Judith
6645,Zachary
6646,Mary
6647,Tyler
6648,Austin
6649,Mary
6650,Sarah
6651,Ashley
6652,Sharon
6653,Judy
6654,Mary
6655,Ashley
6656,Ruth
6657,Alan
6658,Mary
6659,John
6660,Christine
6661,Samantha
6662,Mary
6663,Susan
6664,Mary
6665,Anthony
6666,Jean
6667,Mary
6668,Maria
6669,Mary
6670,Betty
6671,Randy
6672,Mary
6673,Nancy
6674,Mary
6675,Mary
6676,Daniel
6677,Patrick
6678,Mary
6679,Cynthia
6680,Heather
6681,Mary
6682,Samantha
6683,Zachary
6684,Mary
6685,Lori
6686,Mary
6687,Julie
6688,Mary
6689,Adam
6690,Mary
6691,John
6692,Susan
6693,Mary
6694,John
6695,Lori
6696,Mary
6697,William
6698,Kathryn
6699,Mary
6700,Virginia
6701,Mary
6702,Christina
6703,Mary
6704,John
6705,Mary
6706,Carolyn
6707,Grace
6708,Mary
6709,Pamela
6710,Douglas
6711,Mary
6712,Olivia
6713,Mary
6714,Christina
6715,Mary
6716,Elizabeth
6717,Stephen
6718,Kelly
6719,Mary
6720,Olivia
6721,Mary
6722,Amy
6723,Mary
6724,Benjamin
6725,Mary
6726,Edward
6727,Mary
6728,Dorothy
6729,Janice
6730,Mary
6731,Carol
6732,Mary
6733,Dorothy
6734,Mary
6735,Barbara
6736,Timothy
6737,Joyce
6738,Mary
6739,Matthew
6740,Brian
6741,Mary
6742,David
6743,Doris
6744,Cheryl
6745,Mary
6746,Anthony
6747,Kathy
6748,Keith
6749,Mary
6750,Alan
6751,Mary
6752,Daniel
6753,Judith
6754,Beverly
6755,Mary
6756,Jean
6757,Mary
6758,John
6759,Matthew
6760,Kathleen
6761,Ethan
6762,Mary
6763,William
6764,Scott
6765,Brittany
6766,Mary
6767,Brenda
6768,Catherine
6769,Katherine
6770,Gregory
6771,Victoria
6772,Doris
6773,Mary
6774,Lauren
6775,Mary
6776,Nancy
6777,Denise
6778,Mary
6779,Richard
6780,Sean
6781,Mary
6782,Raymond
6783,Mary
6784,Brian
6785,Mary
6786,Robert
6787,Kathy
6788,Mary
6789,Jessica
6790,Mary
6791,Philip
6792,Mary
6793,Helen
6794,Wayne
6795,Mary
6796,Jeremy
6797,Mary
6798,Maria
6799,Mary
6800,Christine
6801,Douglas
6802,Mary
6803,Margaret
6804,Matthew
6805,Donald
6806,Catherine
6807,Gloria
6808,Mary
6809,Justin
6810,Roger
6811,Mary
6812,Sharon
6813,Jeffrey
6814,Mary
6815,Patricia
6816,Steven
6817,Mary
6818,Angela
6819,Mary
6820,Kenneth
6821,Dennis
6822,Diana
6823,Mary
6824,Ashley
6825,Mary
6826,Jerry
6827,Mary
6828,Steven
6829,Mary
6830,Susan
6831,Mary
6832,Patricia
6833,Matthew
6834,Mary
6835,Robert
6836,Virginia
6837,Mary
6838,Lisa
6839,Bobby
6840,Mary
6841,Linda
6842,Carol
6843,Rebecca
6844,Mary
6845,Mary
6846,Joe
6847,Mary
6848,Larry
6849,Mary
6850,Russell
6851,Mary
6852,Janet
6853,Kelly
6854,Mary
6855,Louis
6856,Mary
6857,Scott
6858,Diana
6859,Mary
6860,Joseph
6861,Brenda
6862,Mary
6863,Joshua
6864,Kathryn
6865,Mary
6866,Wayne
6867,Mary
6868,Johnny
6869,Mary
6870,Jessica
6871,Gregory
6872,Mary
6873,Steven
6874,Jordan
6875,Mary
6876,Helen
6877,Mary
6878,Betty
6879,Mark
6880,Brenda
6881,Mary
6882,Raymond
6883,Mary
6884,Amber
6885,Mary
6886,Jessica
6887,Mary
6888,Cynthia
6889,Mary
6890,Nancy
6891,Mary
6892,Robert
6893,Deborah
6894,Gerald
6895,Mary
6896,Donna
6897,Mary
6898,Nathan
6899,Mary
6900,Judith
6901,Mary
6902,Melissa
6903,Alexander
6904,Mary
6905,Matthew
6906,Rebecca
6907,Timothy
6908,Grace
6909,Mary
6910,Carol
6911,Mary
6912,Kathy
6913,Jeremy
6914,Mary
6915,Robert
6916,Scott
6917,Mary
6918,David
6919,Tyler
6920,Mary
6921,Willie
6922,Mary
6923,Mark
6924,Mary
6925,Mary
6926,Ashley
6927,Mary
6928,Heather
6929,Mary
6930,Paul
6931,Nicole
6932,Evelyn
6933,Grace
6934,Mary
6935,Debra
6936,Mary
6937,Betty
6938,Kathleen
6939,Amber
6940,Mary
6941,Jeffrey
6942,Jordan
6943,Mary
6944,Kyle
6945,Mary
6946,Richard
6947,Frances
6948,Mary
6949,Charles
6950,Nicholas
6951,Mary
6952,Michael
6953,Benjamin
6954,Mary
6955,Amber
6956,Mary
6957,James
6958,Michael
6959,Joan
6960,Mary
6961,James
6962,Jerry
6963,Mary
6964,Gregory
6965,Mary
6966,Joan
6967,Johnny
6968,Mary
6969,Mary
6970,Helen
6971,Shirley
6972,Grace
6973,Mary
6974,Michael
6975,Mary
6976,Debra
6977,Mary
6978,Mary
6979,Edward
6980,Mary
6981,Mary
6982,Janice
6983,Mary
6984,John
6985,Daniel
6986,Judith
6987,Mary
6988,Wayne
6989,Mary
6990,Frank
6991,Mary
6992,Christopher
6993,Mary
6994,Kathy
6995,Mary
6996,Justin
6997,Mary
6998,Catherine
6999,Mary
7000,Amber
7001,Mary
7002,Anna
7003,Harry
7004,Mary
7005,James
7006,George
7007,Mary
7008,Sandra
7009,Mary
7010,Jessica
7011,Kevin
7012,Mary
7013,Amber
7014,Mary
7015,Andrew
7016,Jack
7017,Mary
7018,Sarah
7019,Kelly
7020,Mary
7021,Debra
7022,Mary
7023,Jacqueline
7024,Jerry
7025,Mary
7026,Ann
7027,Mary
7028,Elizabeth
7029,Christina
7030,Mary
7031,Virginia
7032,Mary
7033,Robert
7034,Brenda
7035,Mary
7036,Maria
7037,Mary
7038,Christopher
7039,Samuel
7040,Mary
7041,Nancy
7042,Mary
7043,Cheryl
7044,Mary
7045,Helen
7046,Crystal
7047,Sean
7048,Mary
7049,Justin
7050,Mary
7051,Russell
7052,Mary
7053,Donald
7054,Maria
7055,Emma
7056,Mary
7057,Jennifer
7058,Megan
7059,Mary
7060,Virginia
7061,Evelyn
7062,Jack
7063,Mary
7064,Ann
7065,Mary
7066,Emma
7067,Mary
7068,Gloria
7069,Mary
7070,Jean
7071,Amber
7072,Mary
7073,Joan
7074,Mary
7075,Frank
7076,Mary
7077,Katherine
7078,Mary
7079,Matthew
7080,Jean
7081,Mary
7082,Adam
7083,Mary
7084,Jennifer
7085,Sean
7086,Mary
7087,Donna
7088,Mary
7089,Grace
7090,Mary
7091,Elizabeth
7092,Jacob
7093,Mary
7094,Mary
7095,Amanda
7096,Mary
7097,Hannah
7098,Howard
7099,Mary
7100,Jessica
7101,Mary
7102,David
7103,Ann
7104,Mary
7105,Angela
7106,Maria
7107,Mary
7108,Timothy
7109,Mary
7110,Thomas
7111,Sarah
7112,Mark
7113,Mary
7114,Deborah
7115,Brandon
7116,Mary
7117,Teresa
7118,Ethan
7119,Russell
7120,Mary
7121,Jason
7122,Teresa
7123,Carl
7124,Roger
7125,Mary
7126,James
7127,Catherine
7128,Randy
7129,Mary
7130,Alice
7131,Mary
7132,David
7133,Kathy
7134,Mary
7135,Benjamin
7136,Mary
7137,Thomas
7138,Jack
7139,Mary
7140,Samantha
7141,Mary
7142,Jacqueline
7143,Mary
7144,Douglas
7145,Mary
7146,Nancy
7147,Kenneth
7148,Kyle
7149,Billy
7150,Mary
7151,George
7152,Mary
7153,Victoria
7154,Mary
7155,Richard
7156,Mary
7157,Joseph
7158,Mary
7159,Frances
7160,Mary
7161,Joseph
7162,Paul
7163,Mary
7164,Paul
7165,Douglas
7166,Mary
7167,Harold
7168,Mary
7169,Cheryl
7170,Bryan
7171,Mary
7172,Louis
7173,Mary
7174,Kenneth
7175,Judy
7176,Mary
7177,Keith
7178,Mary
7179,Olivia
7180,Mary
7181,Jean
7182,Mary
7183,Anna
7184,Mary
7185,Amber
7186,Mary
7187,Karen
7188,Mary
7189,Pamela
7190,Mary
7191,Cheryl
7192,Mary
7193,Jennifer
7194,Cynthia
7195,Evelyn
7196,Megan
7197,Denise
7198,Mary
7199,James
7200,Katherine
7201,Mary
7202,Beverly
7203,Mary
7204,Kathleen
7205,Maria
7206,Lori
7207,Mary
7208,Donald
7209,Mary
7210,Mary
7211,Kathleen
7212,Mary
7213,Daniel
7214,Mary
7215,Patricia
7216,Mary
7217,Carl
7218,Mary
7219,Theresa
7220,Mary
7221,Kelly
7222,Jesse
7223,Mary
7224,Margaret
7225,Mary
7226,Helen
7227,Mary
7228,Joseph
7229,Mary
7230,David
7231,Jack
7232,Mary
7233,Christine
7234,Mary
7235,Brandon
7236,Mary
7237,Olivia
7238,Mary
7239,Anthony
7240,Mary
7241,Virginia
7242,Mary
7243,Margaret
7244,Jeremy
7245,Mary
7246,Peter
7247,Mary
7248,Marilyn
7249,Mary
7250,Jacob
7251,Benjamin
7252,Mary
7253,Joseph
7254,Mary
7255,Joe
7256,Mary
7257,Jacqueline
7258,Mary
7259,Jerry
7260,Nathan
7261,Mary
7262,Laura
7263,Samuel
7264,Mary
7265,Eric
7266,Mary
7267,Benjamin
7268,Mary
7269,Adam
7270,Mary
7271,Karen
7272,Benjamin
7273,Mary
7274,Linda
7275,Mary
7276,Pamela
7277,Justin
7278,Mary
7279,Emily
7280,Jane
7281,Mary
7282,Jennifer
7283,Margaret
7284,Evelyn
7285,Kathryn
7286,Mary
7287,Russell
7288,Mary
7289,Kevin
7290,Brittany
7291,Mary
7292,Jonathan
7293,Mary
7294,Sharon
7295,Mary
7296,Richard
7297,Philip
7298,Mary
7299,James
7300,Kyle
7301,Mary
7302,Angela
7303,Mary
7304,William
7305,David
7306,Ruth
7307,Brandon
7308,Teresa
7309,Mary
7310,Mary
7311,John
7312,Mary
7313,Shirley
7314,Bruce
7315,Mary
7316,Marilyn
7317,Mary
7318,John
7319,Samuel
7320,Theresa
7321,Mary
7322,Linda
7323,Sarah
7324,Jose
7325,Mary
7326,Susan
7327,Tammy
7328,Mary
7329,Deborah
7330,Mary
7331,Pamela
7332,Mary
7333,Julia
7334,Mary
7335,Robert
7336,Rose
7337,Mary
7338,Maria
7339,Mary
7340,Charles
7341,Jennifer
7342,Julia
7343,Mary
7344,Jeffrey
7345,Ryan
7346,Mary
7347,Carolyn
7348,Mary
7349,Cynthia
7350,Rose
7351,Mary
7352,Debra
7353,Mary
7354,Judith
7355,Mary
7356,Andrew
7357,Mary
7358,Michael
7359,Alexander
7360,Mary
7361,James
7362,Nicholas
7363,Mary
7364,Janet
7365,Mary
7366,William
7367,Joseph
7368,Hannah
7369,Mary
7370,Paul
7371,Mark
7372,Kenneth
7373,Angela
7374,Brenda
7375,Louis
7376,Mary
7377,Katherine
7378,Mary
7379,David
7380,Michelle
7381,Mary
7382,Dorothy
7383,Catherine
7384,Mary
7385,Richard
7386,Joshua
7387,Mary
7388,Judith
7389,Mary
7390,Benjamin
7391,Mary
7392,Benjamin
7393,Mary
7394,Kenneth
7395,Ryan
7396,Mary
7397,Dorothy
7398,Sarah
7399,Mary
7400,Benjamin
7401,Mary
7402,Joseph
7403,Jason
7404,Mary
7405,Larry
7406,Mary
7407,Diane
7408,Mary
7409,Daniel
7410,Mary
7411,Stephen
7412,Terry
7413,Mary
7414,Dorothy
7415,Mary
7416,Lisa
7417,Mary
7418,Elizabeth
7419,Mary
7420,Sharon
7421,Mary
7422,Brenda
7423,Christina
7424,Mary
7425,Rebecca
7426,Stephen
7427,Russell
7428,Mary
7429,Mark
7430,Wayne
7431,Mary
7432,Betty
7433,Gregory
7434,Mary
7435,Susan
7436,Megan
7437,Mary
7438,Donald
7439,Mary
7440,James
7441,Linda
7442,Brenda
7443,Mary
7444,Pamela
7445,Mary
7446,Lisa
7447,Janet
7448,Lauren
7449,Jerry
7450,Mary
7451,Sharon
7452,Mary
7453,John
7454,Andrew
7455,Ann
7456,Mary
7457,Cheryl
7458,Philip
7459,Mary
7460,Ethan
7461,Mary
7462,Carol
7463,Mary
7464,Mary
7465,Andrew
7466,Mary
7467,Nancy
7468,Mary
7469,Ruth
7470,Catherine
7471,Mary
7472,William
7473,Mary
7474,Ronald
7475,Joan
7476,Benjamin
7477,Mary
7478,Kimberly
7479,Emma
7480,Mary
7481,Lori
7482,Mary
7483,Deborah
7484,Mary
7485,Tyler
7486,Mary
7487,Angela
7488,Mary
7489,Teresa
7490,Mary
7491,Sharon
7492,Vincent
7493,Mary
7494,Rebecca
7495,Cheryl
7496,Mary
7497,Anthony
7498,Marie
7499,Mary
7500,Mary
7501,Christopher
7502,Joe
7503,Mary
7504,Stephanie
7505,Sharon
7506,Tammy
7507,Mary
7508,Theresa
7509,Mary
7510,Kathryn
7511,Mary
7512,Susan
7513,Mary
7514,Heather
7515,Mary
7516,Deborah
7517,Anna
7518,Mary
7519,Eric
7520,Maria
7521,Mary
7522,David
7523,Margaret
7524,Mary
7525,Melissa
7526,Mary
7527,Pamela
7528,Mary
7529,John
7530,Emily
7531,Bobby
7532,Mary
7533,Beverly
7534,Mary
7535,Sarah
7536,Virginia
7537,Stephen
7538,Mary
7539,Jonathan
7540,Mary
7541,Donna
7542,Mary
7543,Robert
7544,Barbara
7545,Christopher
7546,Gregory
7547,Andrea
7548,Mary
7549,Timothy
7550,Mary
7551,Robert
7552,Carl
7553,Mary
7554,Douglas
7555,Mary
7556,Samantha
7557,Mary
7558,Lisa
7559,Janice
7560,Mary
7561,Mary
7562,Thomas
7563,Elizabeth
7564,Christopher
7565,Jean
7566,Mary
7567,Nicole
7568,Justin
7569,Mary
7570,Cynthia
7571,Amber
7572,Mary
7573,Bobby
7574,Mary
7575,Mary
7576,Frances
7577,Mary
7578,Keith
7579,Mary
7580,Joseph
7581,Kevin
7582,Aaron
7583,Mary
7584,Patricia
7585,Angela
7586,Christina
7587,Mary
7588,Anthony
7589,Mary
7590,Robert
7591,Frances
7592,Mary
7593,Roger
7594,Mary
7595,Mary
7596,Christopher
7597,Catherine
7598,Mary
7599,Gerald
7600,Mary
7601,Mary
7602,Brian
7603,Kevin
7604,Jonathan
7605,Henry
7606,Mary
7607,Scott
7608,Diana
7609,Mary
7610,Andrea
7611,Mary
7612,Mary
7613,James
7614,Paul
7615,Howard
7616,Mary
7617,David
7618,Jerry
7619,Mary
7620,Marie
7621,Jack
7622,Mary
7623,Matthew
7624,Anthony
7625,Frances
7626,Mary
7627,Bruce
7628,Mary
7629,Nancy
7630,Judith
7631,Alexander
7632,Mary
7633,Emily
7634,Pamela
7635,Mary
7636,Elizabeth
7637,Douglas
7638,Mary
7639,Hannah
7640,Mary
7641,Stephen
7642,Mary
7643,Karen
7644,Mary
7645,Brandon
7646,Mary
7647,Susan
7648,Samantha
7649,Mary
7650,Mary
7651,Gerald
7652,Mary
7653,Karen
7654,Virginia
7655,Mary
7656,Sharon
7657,Christian
7658,Mary
7659,Rose
7660,Mary
7661,Linda
7662,Tiffany
7663,Mary
7664,Brandon
7665,Mary
7666,Cynthia
7667,Henry
7668,Mary
7669,Richard
7670,Anna
7671,Marilyn
7672,Mary
7673,Matthew
7674,Mary
7675,Brenda
7676,Joyce
7677,Mary
7678,Arthur
7679,Mary
7680,Sandra
7681,Terry
7682,Mary
7683,Cynthia
7684,Evelyn
7685,Mary
7686,John
7687,Evelyn
7688,Lori
7689,Mary
7690,James
7691,Samuel
7692,Lawrence
7693,Mary
7694,Donald
7695,Mary
7696,John
7697,Hannah
7698,Mary
7699,Judith
7700,Mary
7701,James
7702,Jack
7703,Mary
7704,John
7705,Julia
7706,Mary
7707,Anna
7708,Mary
7709,George
7710,Katherine
7711,Mary
7712,Hannah
7713,Mary
7714,Carolyn
7715,Mary
7716,David
7717,Terry
7718,Mary
7719,Dorothy
7720,Lisa
7721,Mary
7722,Sarah
7723,Mary
7724,Raymond
7725,Mary
7726,Sarah
7727,Evelyn
7728,Mary
7729,Jane
7730,Mary
7731,Kenneth
7732,Jerry
7733,Mary
7734,Carol
7735,Mary
7736,Timothy
7737,Austin
7738,Mary
7739,Kathy
7740,Mary
7741,Kathryn
7742,Mary
7743,Melissa
7744,Kathleen
7745,Mary
7746,Howard
7747,Mary
7748,Christopher
7749,Amy
7750,Howard
7751,Mary
7752,Jonathan
7753,Mary
7754,Kevin
7755,Cheryl
7756,Mary
7757,Donna
7758,Joyce
7759,Jesse
7760,Mary
7761,Grace
7762,Mary
7763,Philip
7764,Mary
7765,Mary
7766,Jack
7767,Mary
7768,Howard
7769,Mary
7770,Kenneth
7771,Janice
7772,Mary
7773,Andrea
7774,Mary
7775,Amy
7776,Julie
7777,Evelyn
7778,Mary
7779,Margaret
7780,Steven
7781,Gregory
7782,Mary
7783,Amy
7784,Mary
7785,Amy
7786,Mary
7787,Robert
7788,Diana
7789,Mary
7790,Edward
7791,Andrea
7792,Zachary
7793,Mary
7794,Jennifer
7795,Sandra
7796,Jason
7797,Mary
7798,James
7799,Susan
7800,Mary
7801,Teresa
7802,Mary
7803,Elizabeth
7804,Mary
7805,Joe
7806,Mary
7807,Carolyn
7808,Mary
7809,Kimberly
7810,Henry
7811,Mary
7812,Madison
7813,Mary
7814,Nicole
7815,Mary
7816,Emma
7817,Mary
7818,Matthew
7819,Mary
7820,John
7821,Willie
7822,Mary
7823,Amber
7824,Mary
7825,Andrea
7826,Mary
7827,Jerry
7828,Mary
7829,Raymond
7830,Christina
7831,Mary
7832,Stephen
7833,Patrick
7834,Mary
7835,Michael
7836,Mary
7837,Thomas
7838,Margaret
7839,Emma
7840,Mary
7841,Joseph
7842,Melissa
7843,Catherine
7844,Scott
7845,Walter
7846,Mary
7847,Christopher
7848,Jessica
7849,Kenneth
7850,Mary
7851,Douglas
7852,Mary
7853,Aaron
7854,Mary
7855,Robert
7856,Andrew
7857,Jean
7858,Mary
7859,Patricia
7860,Mary
7861,Susan
7862,Mary
7863,Elizabeth
7864,Alice
7865,Mary
7866,Juan
7867,Mary
7868,Michael
7869,Grace
7870,Mary
7871,Bobby
7872,Mary
7873,Mary
7874,Zachary
7875,Mary
7876,Emily
7877,Mary
7878,Helen
7879,Michelle
7880,Joyce
7881,Kathryn
7882,Mary
7883,Deborah
7884,Peter
7885,Mary
7886,Kenneth
7887,Mary
7888,Elizabeth
7889,Michelle
7890,Mary
7891,James
7892,Michael
7893,Lisa
7894,Emma
7895,Mary
7896,Susan
7897,Megan
7898,Mary
7899,Donald
7900,Shirley
7901,Jacob
7902,Mary
7903,Harold
7904,Mary
7905,Cynthia
7906,Wayne
7907,Mary
7908,Stephanie
7909,Aaron
7910,Mary
7911,Joshua
7912,Mary
7913,Randy
7914,Mary
7915,Justin
7916,Mary
7917,Ashley
7918,Mary
7919,Brittany
7920,Mary
7921,James
7922,Jennifer
7923,Sharon
7924,Mary
7925,William
7926,Bobby
7927,Mary
7928,Madison
7929,Mary
7930,Rebecca
7931,Mary
7932,Catherine
7933,Mary
7934,Paul
7935,Mary
7936,Deborah
7937,Mary
7938,Joseph
7939,Tammy
7940,Mary
7941,Ashley
7942,Jacob
7943,Mary
7944,Gloria
7945,Mary
7946,Donald
7947,Mary
7948,Ethan
7949,Mary
7950,Paul
7951,Amy
7952,Jose
7953,Mary
7954,Danielle
7955,Mary
7956,Patricia
7957,Christopher
7958,Jessica
7959,Mary
7960,Ethan
7961,Mary
7962,Justin
7963,Mary
7964,Stephen
7965,Mary
7966,John
7967,Samuel
7968,Mary
7969,Sean
7970,Mary
7971,William
7972,Mary
7973,Rebecca
7974,Mary
7975,Eugene
7976,Mary
7977,Frank
7978,Amber
7979,Mary
7980,Jennifer
7981,Mark
7982,Ronald
7983,Heather
7984,Mary
7985,Denise
7986,Mary
7987,Willie
7988,Mary
7989,Elizabeth
7990,Jason
7991,Mary
7992,Harold
7993,Lawrence
7994,Ralph
7995,Shawn
7996,Mary
7997,Kimberly
7998,Mary
7999,Michael
8000,Edward
8001,Mary
8002,Margaret
8003,Diane
8004,Mary
8005,Robert
8006,Michael
8007,Nicholas
8008,Mary
8009,Steven
8010,Kathy
8011,Mary
8012,Gregory
8013,Mary
8014,Emily
8015,Mary
8016,Patricia
8017,Mary
8018,Ruth
8019,Samantha
8020,Joan
8021,Mary
8022,Jessica
8023,Mary
8024,Christopher
8025,Frank
8026,Mary
8027,James
8028,Donald
8029,Sandra
8030,Mary
8031,Richard
8032,Karen
8033,Timothy
8034,Mary
8035,Mark
8036,Howard
8037,Mary
8038,Donald
8039,Gerald
8040,Mary
8041,Carol
8042,Mary
8043,Mary
8044,Richard
8045,Peter
8046,Mary
8047,Gary
8048,Debra
8049,Mary
8050,Elizabeth
8051,Emily
8052,Pamela
8053,Mary
8054,Andrea
8055,Mary
8056,John
8057,Lisa
8058,Ryan
8059,Mary
8060,Sara
8061,Mary
8062,Dennis
8063,Mary
8064,Richard
8065,Margaret
8066,Mary
8067,Karen
8068,Larry
8069,Tiffany
8070,Mary
8071,Gary
8072,Mary
8073,Rachel
8074,Mary
8075,Sarah
8076,Mary
8077,Thomas
8078,Janet
8079,Mary
8080,Matthew
8081,Mary
8082,Pamela
8083,Marie
8084,Mary
8085,John
8086,Paul
8087,Sean
8088,Mary
8089,Evelyn
8090,Mary
8091,Emily
8092,Mary
8093,Patricia
8094,Gregory
8095,Dennis
8096,Mary
8097,Marie
8098,Mary
8099,Ashley
8100,Victoria
8101,Mary
8102,David
8103,Donna
8104,Johnny
8105,Mary
8106,Theresa
8107,Mary
8108,Steven
8109,Mary
8110,Catherine
8111,Jesse
8112,Mary
8113,Sean
8114,Mary
8115,Kevin
8116,Melissa
8117,Mary
8118,Nathan
8119,Mary
8120,Stephanie
8121,Marie
8122,Jesse
8123,Mary
8124,Peter
8125,Philip
8126,Mary
8127,Rose
8128,Mary
8129,Jesse
8130,Mary
8131,Thomas
8132,Sharon
8133,Benjamin
8134,Doris
8135,Mary
8136,Charles
8137,Janet
8138,Mary
8139,Douglas
8140,Mary
8141,Roy
8142,Mary
8143,Brian
8144,Mary
8145,Debra
8146,Carolyn
8147,Mary
8148,Daniel
8149,Kenneth
8150,Mary
8151,Michael
8152,Nicholas
8153,Mary
8154,Dennis
8155,Mary
8156,Hannah
8157,Mary
8158,Donald
8159,Rebecca
8160,Mary
8161,Ruth
8162,Phillip
8163,Mary
8164,Kathleen
8165,Mary
8166,Patricia
8167,Betty
8168,Ashley
8169,Mary
8170,Rachel
8171,Benjamin
8172,Mary
8173,Brian
8174,Jane
8175,Mary
8176,Charles
8177,Janet
8178,Mary
8179,Julia
8180,Albert
8181,Mary
8182,Matthew
8183,Ryan
8184,Mary
8185,Ronald
8186,Theresa
8187,Mary
8188,Timothy
8189,Mary
8190,Michael
8191,Barbara
8192,Kathryn
8193,Mary
8194,David
8195,Jennifer
8196,Kimberly
8197,Alice
8198,Mary
8199,William
8200,Mary
8201,Lauren
8202,Mary
8203,Nicole
8204,Diana
8205,Lawrence
8206,Mary
8207,Charles
8208,Edward
8209,Gloria
8210,Mary
8211,Ronald
8212,Mary
8213,Betty
8214,Mary
8215,David
8216,Linda
8217,Virginia
8218,Maria
8219,Mary
8220,Michael
8221,Janet
8222,Crystal
8223,Mary
8224,Edward
8225,Nathan
8226,Mary
8227,Jacob
8228,Gregory
8229,Mary
8230,Judy
8231,Mary
8232,Lisa
8233,Mary
8234,Kevin
8235,Bruce
8236,Mary
8237,Emma
8238,Jesse
8239,Mary
8240,James
8241,Betty
8242,Mary
8243,Gary
8244,Mary
8245,Thomas
8246,Johnny
8247,Mary
8248,George
8249,Mary
8250,Emma
8251,Mary
8252,Laura
8253,Shirley
8254,Jesse
8255,Mary
8256,James
8257,William
8258,Thomas
8259,Mary
8260,Teresa
8261,Mary
8262,George
8263,Mary
8264,Robert
8265,William
8266,Mary
8267,Jennifer
8268,Joe
8269,Mary
8270,Steven
8271,Mary
8272,Justin
8273,Theresa
8274,Mary
8275,Janice
8276,Jordan
8277,Mary
8278,Jeffrey
8279,Jose
8280,Mary
8281,Willie
8282,Mary
8283,Andrew
8284,Catherine
8285,Eric
8286,Jacqueline
8287,Mary
8288,Olivia
8289,Mary
8290,Benjamin
8291,Mary
8292,Emma
8293,Nathan
8294,Mary
8295,Margaret
8296,Mary
8297,Debra
8298,Theresa
8299,Sean
8300,Mary
8301,Michael
8302,Mary
8303,Ashley
8304,Mary
8305,Robert
8306,Sarah
8307,Kimberly
8308,Kathy
8309,Mary
8310,Tyler
8311,Mary
8312,Amber
8313,Mary
8314,Angela
8315,Mary
8316,Charles
8317,Anna
8318,Bryan
8319,Mary
8320,James
8321,Kenneth
8322,Donna
8323,Mary
8324,Michael
8325,Donald
8326,Steven
8327,Mary
8328,Donna
8329,Mary
8330,Kimberly
8331,Mary
8332,Bruce
8333,Mary
8334,Sandra
8335,Aaron
8336,Mary
8337,Kathy
8338,Mary
8339,Richard
8340,Danielle
8341,Mary
8342,Betty
8343,Mary
8344,Daniel
8345,Betty
8346,Mary
8347,Tiffany
8348,Mary
8349,Jose
8350,Mary
8351,James
8352,Teresa
8353,Mary
8354,John
8355,Jonathan
8356,Mary
8357,Crystal
8358,Mary
8359,Walter
8360,Jeremy
8361,Mary
8362,Ann
8363,Mary
8364,Michael
8365,Matthew
8366,Rose
8367,Mary
8368,Susan
8369,Mark
8370,Mary
8371,Christopher
8372,Jessica
8373,Christina
8374,Mary
8375,John
8376,Catherine
8377,Jack
8378,Mary
8379,Martha
8380,Brittany
8381,Mary
8382,Joshua
8383,Mary
8384,Robert
8385,Justin
8386,Mary
8387,Richard
8388,Kimberly
8389,Amanda
8390,Mary
8391,Robert
8392,Janet
8393,Mary
8394,Tyler
8395,Theresa
8396,Mary
8397,Amber
8398,Mary
8399,Donna
8400,Mary
8401,Grace
8402,Mary
8403,Joseph
8404,Joshua
8405,Stephen
8406,Ethan
8407,Mary
8408,Patrick
8409,Mary
8410,Jessica
8411,Harold
8412,Tiffany
8413,Mary
8414,Christopher
8415,Andrew
8416,Crystal
8417,Mary
8418,Nathan
8419,Mary
8420,Gregory
8421,Mary
8422,Wayne
8423,Mary
8424,Robert
8425,Kathryn
8426,Mary
8427,Cynthia
8428,Walter
8429,Mary
8430,Gloria
8431,Mary
8432,William
8433,Sharon
8434,Mary
8435,Joshua
8436,Mary
8437,Rachel
8438,Joyce
8439,Mary
8440,Gloria
8441,Mary
8442,Christopher
8443,Margaret
8444,Katherine
8445,Mary
8446,James
8447,Michael
8448,Deborah
8449,Mary
8450,Diane
8451,Janice
8452,Mary
8453,Kelly
8454,Mary
8455,Brian
8456,Mary
8457,Joseph
8458,Carol
8459,Mary
8460,Nicole
8461,Mary
8462,Helen
8463,Nathan
8464,Mary
8465,Dorothy
8466,Mary
8467,Kenneth
8468,Joshua
8469,Amanda
8470,Anna
8471,Lauren
8472,Mary
8473,Kevin
8474,Anna
8475,Jane
8476,Mary
8477,Jason
8478,Mary
8479,William
8480,Gary
8481,Mary
8482,Julie
8483,Mary
8484,Edward
8485,Mary
8486,Joseph
8487,Frances
8488,Teresa
8489,Mary
8490,Brian
8491,Kelly
8492,Mary
8493,Mark
8494,Mary
8495,Patricia
8496,Thomas
8497,Mary
8498,Joseph
8499,Angela
8500,Mary
8501,Elizabeth
8502,Mary
8503,Amy
8504,Mary
8505,James
8506,Elizabeth
8507,Gloria
8508,Eugene
8509,Mary
8510,Roger
8511,Mary
8512,Deborah
8513,Alexander
8514,Mary
8515,Justin
8516,Mary
8517,Debra
8518,Mary
8519,Pamela
8520,Denise
8521,Joe
8522,Mary
8523,Melissa
8524,Ruth
8525,Mary
8526,James
8527,Steven
8528,Andrea
8529,Mary
8530,William
8531,Marie
8532,Mary
8533,Austin
8534,Mary
8535,Richard
8536,Anthony
8537,Wayne
8538,Mary
8539,John
8540,Michael
8541,Mary
8542,Jane
8543,Mary
8544,Sarah
8545,Emily
8546,Mary
8547,Melissa
8548,Mary
8549,Eric
8550,Mary
8551,Harold
8552,Mary
8553,Mary
8554,Evelyn
8555,Mary
8556,Daniel
8557,Mary
8558,Peter
8559,Mary
8560,Sandra
8561,Mary
8562,Sara
8563,Mary
8564,Melissa
8565,Mary
8566,Stephen
8567,Mary
8568,Catherine
8569,Vincent
8570,Mary
8571,Jason
8572,Victoria
8573,Mary
8574,Brenda
8575,Mary
8576,Amanda
8577,Mary
8578,Kevin
8579,Mary
8580,Kelly
8581,Mary
8582,Edward
8583,Amber
8584,Mary
8585,Sharon
8586,Mary
8587,James
8588,Ronald
8589,Mary
8590,Ashley
8591,Mary
8592,Justin
8593,Jacqueline
8594,Mary
8595,Elizabeth
8596,Mary
8597,Christina
8598,Mary
8599,Elizabeth
8600,Judith
8601,Mary
8602,Timothy
8603,Frances
8604,Bryan
8605,Johnny
8606,Mary
8607,Timothy
8608,Mary
8609,Zachary
8610,Mary
8611,William
8612,Emma
8613,Mary
8614,Christine
8615,Mary
8616,Nicholas
8617,Mary
8618,Joan
8619,Jack
8620,Mary
8621,Cynthia
8622,Shirley
8623,Mary
8624,Theresa
8625,Mary
8626,Scott
8627,Mary
8628,Frances
8629,Mary
8630,Jeremy
8631,Mary
8632,William
8633,Andrea
8634,Mary
8635,Stephen
8636,Jerry
8637,Mary
8638,Daniel
8639,Mary
8640,Mary
8641,David
8642,Heather
8643,Mary
8644,Kenneth
8645,Andrew
8646,Mary
8647,Andrea
8648,Janice
8649,Mary
8650,Patricia
8651,George
8652,Kenneth
8653,Amanda
8654,Mary
8655,John
8656,Melissa
8657,Raymond
8658,Mary
8659,Brenda
8660,Mary
8661,James
8662,Paul
8663,Mary
8664,Mary
8665,Christine
8666,Mary
8667,Michael
8668,Emily
8669,Amanda
8670,Mary
8671,Cheryl
8672,Mary
8673,Carolyn
8674,Mary
8675,Zachary
8676,Mary
8677,Cynthia
8678,Shirley
8679,Mary
8680,Laura
8681,Cynthia
8682,Mary
8683,Samantha
8684,Tiffany
8685,Mary
8686,Dorothy
8687,Mary
8688,Michelle
8689,Mary
8690,Howard
8691,Mary
8692,Vincent
8693,Mary
8694,Nancy
8695,Larry
8696,Mary
8697,Gerald
8698,Mary
8699,Joyce
8700,Mary
8701,Linda
8702,Mary
8703,Michael
8704,Mary
8705,Patricia
8706,Jennifer
8707,Lisa
8708,Jane
8709,Mary
8710,Kathleen
8711,Mary
8712,Emily
8713,Mary
8714,Janice
8715,Mary
8716,Evelyn
8717,Adam
8718,Mary
8719,John
8720,Mary
8721,James
8722,Mary
8723,John
8724,Michael
8725,Ashley
8726,Mary
8727,James
8728,John
8729,Amber
8730,Mary
8731,Donna
8732,Kathleen
8733,Danielle
8734,Harry
8735,Mary
8736,Aaron
8737,Mary
8738,Donald
8739,Eugene
8740,Mary
8741,Gregory
8742,Mary
8743,Douglas
8744,Mary
8745,Robert
8746,Charles
8747,Mary
8748,Steven
8749,Benjamin
8750,Mary
8751,Amy
8752,Mary
8753,William
8754,Paul
8755,Catherine
8756,Mary
8757,Tyler
8758,Mary
8759,Terry
8760,Mary
8761,Brian
8762,Mary
8763,Pamela
8764,Mary
8765,Gary
8766,Mary
8767,Timothy
8768,Evelyn
8769,Mary
8770,Mary
8771,Karen
8772,Amanda
8773,Samantha
8774,Frances
8775,Mary
8776,Charles
8777,Mary
8778,Mary
8779,Margaret
8780,Alice
8781,Mary
8782,Barbara
8783,Eric
8784,Jonathan
8785,Mary
8786,Joseph
8787,Janice
8788,Mary
8789,Helen
8790,Mary
8791,Beverly
8792,Mary
8793,Michelle
8794,Mary
8795,Bobby
8796,Mary
8797,Lisa
8798,Maria
8799,Mary
8800,John
8801,Ashley
8802,Mary
8803,Mary
8804,Carolyn
8805,Mary
8806,Amber
8807,Mary
8808,Kenneth
8809,Christina
8810,Mary
8811,Christine
8812,Mary
8813,Carol
8814,Brian
8815,Mary
8816,Judith
8817,Mary
8818,Ruth
8819,Mary
8820,Jessica
8821,Mary
8822,Dorothy
8823,Rose
8824,Mary
8825,Anthony
8826,Donna
8827,Brian
8828,Mary
8829,Charles
8830,Melissa
8831,Mary
8832,Victoria
8833,Mary
8834,Steven
8835,Mary
8836,Barbara
8837,Kathleen
8838,Phillip
8839,Mary
8840,Jane
8841,Mary
8842,Mary
8843,Juan
8844,Mary
8845,Robert
8846,Thomas
8847,Ruth
8848,Mary
8849,Daniel
8850,Crystal
8851,Mary
8852,John
8853,Richard
8854,Carol
8855,Mary
8856,Donald
8857,Catherine
8858,Mary
8859,James
8860,Jonathan
8861,Mary
8862,William
8863,Henry
8864,Mary
8865,Kevin
8866,Rachel
8867,Justin
8868,Mary
8869,Thomas
8870,Nicole
8871,Janice
8872,Mary
8873,Joshua
8874,Nicole
8875,Mary
8876,Timothy
8877,Crystal
8878,Mary
8879,Mary
8880,Raymond
8881,Mary
8882,Kenneth
8883,Marie
8884,Albert
8885,Mary
8886,Aaron
8887,Mary
8888,Brian
8889,Evelyn
8890,Mary
8891,Michael
8892,Russell
8893,Mary
8894,Laura
8895,Mary
8896,James
8897,Stephen
8898,Mary
8899,Cynthia
8900,Russell
8901,Mary
8902,Roger
8903,Mary
8904,Ashley
8905,Donna
8906,Mary
8907,Michelle
8908,Mary
8909,Arthur
8910,Mary
8911,Catherine
8912,Mary
8913,Jane
8914,Mary
8915,James
8916,Justin
8917,Mary
8918,Zachary
8919,Mary
8920,Linda
8921,Mary
8922,Jean
8923,Mary
8924,Emma
8925,Mary
8926,Susan
8927,Emily
8928,Mary
8929,David
8930,Jordan
8931,Mary
8932,Mark
8933,Jason
8934,Mary
8935,John
8936,Sharon
8937,Amy
8938,Raymond
8939,Mary
8940,Linda
8941,Mary
8942,Robert
8943,Brian
8944,Mary
8945,Edward
8946,Ryan
8947,Mary
8948,Russell
8949,Mary
8950,David
8951,Mary
8952,Joseph
8953,Emma
8954,Mary
8955,Michael
8956,Jose
8957,Bobby
8958,Mary
8959,Amy
8960,Janet
8961,Jeremy
8962,Mary
8963,Ruth
8964,Mary
8965,Peter
8966,Mary
8967,Donald
8968,Mary
8969,Sandra
8970,Eugene
8971,Mary
8972,Willie
8973,Mary
8974,Mary
8975,Nancy
8976,Dennis
8977,Mary
8978,Emily
8979,Mary
8980,Laura
8981,Mary
8982,Jeremy
8983,Mary
8984,Elizabeth
8985,Helen
8986,Mary
8987,Kathleen
8988,Mary
8989,Sarah
8990,Bobby
8991,Mary
8992,Maria
8993,Mary
8994,Janice
8995,Mary
8996,Maria
8997,Mary
8998,James
8999,Paul
9000,Amber
9001,Mary
9002,Mary
9003,Judy
9004,Mary
9005,Thomas
9006,Brenda
9007,Mary
9008,Ann
9009,Mary
9010,David
9011,Mary
9012,Pamela
9013,Lawrence
9014,Mary
9015,Alice
9016,Mary
9017,Anna
9018,Mary
9019,Carol
9020,Deborah
9021,Jane
9022,Mary
9023,Jonathan
9024,Walter
9025,Mary
9026,Christopher
9027,Mary
9028,Raymond
9029,Mary
9030,Raymond
9031,Mary
9032,Lauren
9033,Mary
9034,Paul
9035,Christian
9036,Mary
9037,Laura
9038,Mary
9039,Amber
9040,Mary
9041,Michael
9042,Linda
9043,Henry
9044,Mary
9045,Christopher
9046,Evelyn
9047,Jordan
9048,Mary
9049,Brenda
9050,Mary
9051,Nicole
9052,Mary
9053,William
9054,Mary
9055,Karen
9056,Andrew
9057,Randy
9058,Mary
9059,Michael
9060,Matthew
9061,Mary
9062,James
9063,Dylan
9064,Mary
9065,Roy
9066,Mary
9067,Harry
9068,Mary
9069,Debra
9070,Mary
9071,Janice
9072,Mary
9073,Thomas
9074,Margaret
9075,Scott
9076,Mary
9077,Sean
9078,Mary
9079,Mildred
9080,Mary
9081,Robert
9082,Diane
9083,Mary
9084,Jack
9085,Mary
9086,George
9087,Alice
9088,Mary
9089,Jessica
9090,Carolyn
9091,Mary
9092,James
9093,Andrew
9094,Mary
9095,Henry
9096,Mary
9097,Mary
9098,Michael
9099,Dennis
9100,Beverly
9101,Mary
9102,Richard
9103,Nathan
9104,Mary
9105,Marie
9106,Mary
9107,Mark
9108,Kathryn
9109,Mary
9110,Tammy
9111,Mary
9112,Joseph
9113,Patricia
9114,Mary
9115,Gary
9116,Mary
9117,Jessica
9118,Karen
9119,Mary
9120,Terry
9121,Mary
9122,Carl
9123,Mary
9124,Donald
9125,Mary
9126,Philip
9127,Mary
9128,Robert
9129,Judy
9130,Lori
9131,Mary
9132,Amanda
9133,Mary
9134,Frank
9135,Mary
9136,Alice
9137,Mary
9138,Gary
9139,Mary
9140,Jessica
9141,Ronald
9142,Mary
9143,Tyler
9144,Mary
9145,Gary
9146,Carl
9147,Mary
9148,Robert
9149,Ronald
9150,Mary
9151,Aaron
9152,Mary
9153,Sharon
9154,Anna
9155,Evelyn
9156,Mary
9157,Nicholas
9158,Mary
9159,Christopher
9160,Teresa
9161,Mary
9162,Christina
9163,Mary
9164,Frances
9165,Judith
9166,Jesse
9167,Mary
9168,Martha
9169,Mary
9170,Alexander
9171,Mary
9172,John
9173,Matthew
9174,Tyler
9175,Mary
9176,Theresa
9177,Mary
9178,Sharon
9179,Mary
9180,Dorothy
9181,Mary
9182,Mary
9183,Daniel
9184,Jeffrey
9185,Katherine
9186,Mary
9187,Michael
9188,Mary
9189,Richard
9190,Andrew
9191,Marie
9192,Mary
9193,Marie
9194,Mary
9195,George
9196,Austin
9197,Mary
9198,David
9199,Tammy
9200,Mary
9201,Christian
9202,Mary
9203,Gloria
9204,Mary
9205,James
9206,Nancy
9207,Mary
9208,John
9209,Mary
9210,Martha
9211,Lauren
9212,Mary
9213,Jennifer
9214,Mary
9215,William
9216,Kyle
9217,Mary
9218,Anna
9219,Mary
9220,Anthony
9221,Eric
9222,Mary
9223,Carl
9224,Mary
9225,Anthony
9226,Grace
9227,Mary
9228,Jacqueline
9229,Mary
9230,Dorothy
9231,Mary
9232,Robert
9233,Timothy
9234,Katherine
9235,Mary
9236,Patrick
9237,Mary
9238,Judy
9239,Mary
9240,Janice
9241,Mary
9242,Martha
9243,Shawn
9244,Mary
9245,Joshua
9246,Mary
9247,Kathryn
9248,Mary
9249,Jonathan
9250,Mary
9251,Christina
9252,Mary
9253,Benjamin
9254,Mary
9255,William
9256,Tiffany
9257,Mary
9258,John
9259,Thomas
9260,Joyce
9261,Patrick
9262,Mary
9263,Joe
9264,Mary
9265,Margaret
9266,Brittany
9267,Mary
9268,William
9269,Angela
9270,Mary
9271,Christopher
9272,Ronald
9273,Bobby
9274,Mary
9275,Jason
9276,Mary
9277,Donald
9278,Sandra
9279,Donna
9280,Mary
9281,Ann
9282,Austin
9283,Mary
9284,Kathleen
9285,Gloria
9286,Mary
9287,Deborah
9288,Mary
9289,Carolyn
9290,Mary
9291,Charles
9292,Kelly
9293,Jeremy
9294,Mary
9295,Jane
9296,Christian
9297,Mary
9298,John
9299,Robert
9300,Mary
9301,Linda
9302,Melissa
9303,Mary
9304,Janet
9305,Mary
9306,Scott
9307,Mary
9308,Deborah
9309,Mary
9310,Timothy
9311,Mary
9312,John
9313,Mary
9314,Olivia
9315,Mary
9316,Megan
9317,Mary
9318,Mary
9319,David
9320,Nicole
9321,Mary
9322,Kevin
9323,Debra
9324,Willie
9325,Mary
9326,Linda
9327,Donna
9328,Mary
9329,Eugene
9330,Mary
9331,Donna
9332,Mary
9333,Angela
9334,Mary
9335,Joseph
9336,Janice
9337,Mary
9338,James
9339,Ann
9340,Mary
9341,Karen
9342,Teresa
9343,Mary
9344,Kelly
9345,Mary
9346,Jack
9347,Mary
9348,Eric
9349,Mary
9350,Robert
9351,Joseph
9352,Mary
9353,Michael
9354,Bruce
9355,Mary
9356,Nancy
9357,Katherine
9358,Mary
9359,Nancy
9360,Scott
9361,Mary
9362,Jason
9363,Mary
9364,Jessica
9365,Kathy
9366,Mary
9367,Ryan
9368,Mary
9369,Matthew
9370,Douglas
9371,Mary
9372,Kevin
9373,Mary
9374,John
9375,George
9376,Mary
9377,Carol
9378,Jesse
9379,Mary
9380,Ryan
9381,Andrea
9382,Mary
9383,Charles
9384,Mary
9385,Andrew
9386,Angela
9387,Mary
9388,David
9389,Adam
9390,Mary
9391,Jennifer
9392,Sean
9393,Mary
9394,Nancy
9395,Pamela
9396,Jacqueline
9397,Mary
9398,Patricia
9399,Mary
9400,Bruce
9401,Mary
9402,Amber
9403,Mary
9404,Patricia
9405,Ashley
9406,Mary
9407,Jason
9408,Mary
9409,Jonathan
9410,Mary
9411,Nicole
9412,Roy
9413,Mary
9414,Gloria
9415,Mary
9416,Linda
9417,Mary
9418,Debra
9419,Mary
9420,Frank
9421,Julia
9422,Mary
9423,Andrew
9424,Amanda
9425,Mary
9426,Jack
9427,Douglas
9428,Mary
9429,George
9430,Andrew
9431,Lauren
9432,Hannah
9433,Mary
9434,Danielle
9435,Mary
9436,Mary
9437,Jack
9438,Mary
9439,Hannah
9440,Mary
9441,Victoria
9442,Mary
9443,Karen
9444,Mary
9445,Carol
9446,Mary
9447,James
9448,David
9449,Betty
9450,Nathan
9451,Mary
9452,Patricia
9453,Amy
9454,Mary
9455,Donna
9456,Mary
9457,Timothy
9458,Mary
9459,Stephen
9460,Patrick
9461,Mary
9462,Judy
9463,Mary
9464,Henry
9465,Aaron
9466,Mary
9467,Billy
9468,Mary
9469,Donald
9470,Bryan
9471,Mary
9472,Thomas
9473,Michelle
9474,Keith
9475,Mary
9476,Linda
9477,Lawrence
9478,Mary
9479,Kelly
9480,Mary
9481,Julie
9482,Mary
9483,Sharon
9484,Mary
9485,Philip
9486,Mary
9487,Sandra
9488,Mary
9489,Danielle
9490,Mary
9491,John
9492,Joan
9493,Mary
9494,Robert
9495,Nicholas
9496,Mary
9497,Jerry
9498,Mary
9499,Joshua
9500,Mary
9501,Patricia
9502,Matthew
9503,Mary
9504,Mary
9505,Theresa
9506,Madison
9507,Mary
9508,Alan
9509,Mary
9510,Steven
9511,Joshua
9512,Mary
9513,Brian
9514,Mary
9515,Victoria
9516,Mary
9517,Angela
9518,Danielle
9519,Mary
9520,Mary
9521,George
9522,Mary
9523,Dylan
9524,Mary
9525,Roger
9526,Mary
9527,Anna
9528,Mary
9529,David
9530,Ralph
9531,Mary
9532,Ann
9533,Mary
9534,Christopher
9535,Jesse
9536,Mary
9537,Jason
9538,Aaron
9539,Mary
9540,David
9541,Richard
9542,Mary
9543,Mary
9544,Hannah
9545,Mary
9546,Louis
9547,Mary
9548,Benjamin
9549,Mary
9550,Christian
9551,Mary
9552,Richard
9553,Sandra
9554,Mary
9555,Sandra
9556,Ronald
9557,Mary
9558,Jessica
9559,Austin
9560,Mary
9561,Robert
9562,William
9563,Pamela
9564,Mary
9565,Donald
9566,Mary
9567,Donna
9568,Janice
9569,Mary
9570,William
9571,Lori
9572,Mary
9573,Grace
9574,Mary
9575,John
9576,Hannah
9577,Mary
9578,Robert
9579,Beverly
9580,Mary
9581,Deborah
9582,Mary
9583,Sarah
9584,Maria
9585,Frances
9586,Mary
9587,Robert
9588,Kathryn
9589,Jacqueline
9590,Adam
9591,Mary
9592,Jacqueline
9593,Alexander
9594,Mary
9595,Judy
9596,Mary
9597,Lori
9598,Mary
9599,Barbara
9600,Nicholas
9601,Olivia
9602,Crystal
9603,Mary
9604,Nathan
9605,Mary
9606,Patricia
9607,Mary
9608,Jack
9609,Mary
9610,Frances
9611,Mary
9612,Willie
9613,Mary
9614,Patricia
9615,Charles
9616,Matthew
9617,Mary
9618,Rose
9619,Mary
9620,Juan
9621,Mary
9622,Roy
9623,Mary
9624,Ann
9625,Mary
9626,Dorothy
9627,Mary
9628,James
9629,Mark
9630,Mary
9631,Emily
9632,Mary
9633,Catherine
9634,Mary
9635,Billy
9636,Mary
9637,Nicole
9638,Diane
9639,Mary
9640,Andrea
9641,Mary
9642,Mary
9643,Olivia
9644,Mary
9645,Andrea
9646,Mary
9647,Charles
9648,Mary
9649,Barbara
9650,Mary
9651,Louis
9652,Mary
9653,Samuel
9654,Judy
9655,Mary
9656,Sarah
9657,Roy
9658,Mary
9659,Paul
9660,Mary
9661,John
9662,Diane
9663,Mary
9664,Jordan
9665,Shawn
9666,Mary
9667,Eric
9668,Stephen
9669,Samantha
9670,Mary
9671,Jennifer
9672,Carl
9673,Mary
9674,Sean
9675,Mary
9676,Theresa
9677,Mary
9678,Scott
9679,Mary
9680,Robert
9681,Mary
9682,Johnny
9683,Mary
9684,Wayne
9685,Mary
9686,Ruth
9687,Mary
9688,Frances
9689,Mary
9690,Edward
9691,Mary
9692,Carolyn
9693,Mary
9694,Kimberly
9695,Mary
9696,Mary
9697,Stephen
9698,Mary
9699,Timothy
9700,Mary
9701,Lisa
9702,Katherine
9703,Jonathan
9704,Mary
9705,Patricia
9706,Donald
9707,Mary
9708,Cynthia
9709,Mary
9710,James
9711,Denise
9712,Jesse
9713,Mary
9714,Patricia
9715,Mary
9716,Dorothy
9717,Rose
9718,Mary
9719,John
9720,Julia
9721,Mary
9722,Carolyn
9723,Rose
9724,Mary
9725,Robert
9726,Steven
9727,Mary
9728,Hannah
9729,Mary
9730,Grace
9731,Mary
9732,Nancy
9733,Marie
9734,Mary
9735,Jack
9736,Mary
9737,Benjamin
9738,Mary
9739,Sara
9740,Mary
9741,Judith
9742,Mary
9743,David
9744,Donna
9745,Michelle
9746,Mary
9747,Helen
9748,Mary
9749,Anthony
9750,Mary
9751,Brenda
9752,Mary
9753,Jonathan
9754,Mary
9755,Ryan
9756,Mary
9757,Madison
9758,Mary
9759,Catherine
9760,Mary
9761,Helen
9762,Ronald
9763,Mary
9764,John
9765,Charles
9766,Rachel
9767,Mary
9768,Edward
9769,Mary
9770,Teresa
9771,Mary
9772,Terry
9773,Mary
9774,Jennifer
9775,Katherine
9776,Diane
9777,Mary
9778,Kathy
9779,Mary
9780,Henry
9781,Mary
9782,Christine
9783,Alexander
9784,Mary
9785,Barbara
9786,Mary
9787,Pamela
9788,Mary
9789,Daniel
9790,Gary
9791,Mary
9792,Judith
9793,Mary
9794,Jeffrey
9795,Mary
9796,Thomas
9797,Sandra
9798,Brittany
9799,Olivia
9800,Mary
9801,James
9802,Diane
9803,Mary
9804,Jennifer
9805,Mary
9806,Robert
9807,Mary
9808,Samantha
9809,Mary
9810,Kenneth
9811,Deborah
9812,Eric
9813,Mary
9814,Daniel
9815,Cheryl
9816,Terry
9817,Sean
9818,Mary
9819,Crystal
9820,Mary
9821,Deborah
9822,Peter
9823,Mary
9824,David
9825,Sandra
9826,Mary
9827,Amy
9828,Mary
9829,Martha
9830,Mary
9831,Daniel
9832,Mary
9833,Jacob
9834,Mary
9835,Daniel
9836,Shirley
9837,Marilyn
9838,Mary
9839,Beverly
9840,Mary
9841,Eugene
9842,Mary
9843,Brandon
9844,Peter
9845,Mary
9846,Michelle
9847,Mary
9848,Patrick
9849,Mary
9850,Victoria
9851,Mary
9852,William
9853,Julia
9854,Mary
9855,Anthony
9856,Andrea
9857,Lawrence
9858,Mary
9859,Ronald
9860,Mary
9861,Mildred
9862,Mary
9863,Teresa
9864,Mary
9865,William
9866,Willie
9867,Mary
9868,Mark
9869,Mary
9870,Betty
9871,Jonathan
9872,Mary
9873,Theresa
9874,Mary
9875,Christian
9876,Mary
9877,Shawn
9878,Mary
9879,Linda
9880,Donna
9881,Amber
9882,Mary
9883,Michelle
9884,Maria
9885,Jordan
9886,Mary
9887,Margaret
9888,Jacqueline
9889,Mary
9890,Christian
9891,Mary
9892,David
9893,Janice
9894,Mary
9895,Eugene
9896,Mary
9897,Marilyn
9898,Mary
9899,Eric
9900,Carl
9901,Mary
9902,James
9903,Jessica
9904,Nicholas
9905,Mary
9906,Richard
9907,Steven
9908,Benjamin
9909,Mary
9910,Justin
9911,Mary
9912,David
9913,Carol
9914,Jose
9915,Mary
9916,Joshua
9917,Kevin
9918,Alice
9919,Mary
9920,Michelle
9921,Katherine
9922,Mary
9923,David
9924,Christine
9925,Mary
9926,Aaron
9927,Mary
9928,Mary
9929,Charles
9930,Nathan
9931,Mary
9932,Wayne
9933,Mary
9934,Kathleen
9935,Mary
9936,Scott
9937,Mary
9938,Patrick
9939,Mary
9940,Aaron
9941,Mary
9942,Lisa
9943,Alan
9944,Mary
9945,Mary
9946,Bryan
9947,Mary
9948,Susan
9949,Ashley
9950,Ralph
9951,Mary
9952,Jacqueline
9953,Mary
9954,Emily
9955,Jeffrey
9956,Mary
9957,Charles
9958,Ronald
9959,Jerry
9960,Mary
9961,Ann
9962,Diana
9963,Roy
9964,Mary
9965,Rose
9966,Mary
9967,Linda
9968,Brandon
9969,Mary
9970,Frank
9971,Mary
9972,William
9973,Amy
9974,Olivia
9975,Mary
9976,Jeffrey
9977,Mary
9978,Joyce
9979,Mary
9980,David
9981,Mary
9982,Carol
9983,Jason
9984,Mary
9985,Ronald
9986,Rose
9987,Mary
9988,Brenda
9989,Patrick
9990,Mary
9991,Philip
9992,Mary
9993,Mary
9994,Adam
9995,Billy
9996,Mary
9997,John
9998,David
9999,Susan
10000,Mary
10001,Nathan
10002,Mary
10003,Robert
10004,Kimberly
10005,Zachary
10006,Mary
10007,Lori
10008,Arthur
10009,Mary
10010,Patrick
10011,Mary
10012,Robert
10013,Jessica
10014,Janet
10015,Hannah
10016,Mary
10017,John
10018,Gregory
10019,Victoria
10020,Mary
10021,Donald
10022,Alice
10023,Victoria
10024,Mary
10025,Alexander
10026,Mary
10027,Robert
10028,Jose
10029,Mary
10030,Lisa
10031,Crystal
10032,Shawn
10033,Mary
10034,Elizabeth
10035,Jack
10036,Mary
10037,Kenneth
10038,Julie
10039,Mary
10040,Susan
10041,Mary
10042,Christopher
10043,Mary
10044,Brenda
10045,Sean
10046,Mary
10047,Ruth
10048,Mary
10049,Doris
10050,Mary
10051,Kathryn
10052,Mary
10053,Rebecca
10054,Zachary
10055,Mary
10056,Ruth
10057,Mary
10058,Elizabeth
10059,Julia
10060,Mary
10061,Christopher
10062,Judith
10063,Julia
10064,Mary
10065,Betty
10066,Janice
10067,Diana
10068,Mary
10069,George
10070,Timothy
10071,Mary
10072,Richard
10073,Megan
10074,Diana
10075,Tammy
10076,Mary
10077,Judith
10078,Mary
10079,Daniel
10080,Jane
10081,Mary
10082,Anna
10083,Mary
10084,Paul
10085,Mary
10086,Jane
10087,Mary
10088,Emma
10089,Mary
10090,Jessica
10091,Brandon
10092,Mary
10093,Michael
10094,Joseph
10095,Michelle
10096,Laura
10097,Mary
10098,Angela
10099,Mary
10100,Sean
10101,Mary
10102,Matthew
10103,Julie
10104,Mary
10105,Carl
10106,Mary
10107,Douglas
10108,Jose
10109,Mary
10110,Beverly
10111,Mary
10112,Barbara
10113,Frances
10114,Gregory
10115,Mary
10116,Ashley
10117,Julie
10118,Mary
10119,Sara
10120,Mary
10121,Tammy
10122,Mary
10123,Andrea
10124,Mary
10125,Ethan
10126,Mary
10127,Mary
10128,Amber
10129,Mary
10130,Joseph
10131,Charles
10132,Helen
10133,Alexander
10134,Mary
10135,Edward
10136,Cynthia
10137,Mary
10138,Louis
10139,Mary
10140,Sharon
10141,Mary
10142,Teresa
10143,Mary
10144,Doris
10145,Mary
10146,Andrew
10147,Mary
10148,Robert
10149,Linda
10150,Mary
10151,Doris
10152,Walter
10153,Mary
10154,Madison
10155,Mary
10156,Christine
10157,Mary
10158,Robert
10159,Rebecca
10160,Denise
10161,Mary
10162,Joseph
10163,Theresa
10164,Mary
10165,Joan
10166,Aaron
10167,Kathy
10168,Mary
10169,Brittany
10170,Mary
10171,Kevin
10172,Mary
10173,Kathleen
10174,Mary
10175,Michael
10176,Katherine
10177,Mary
10178,Amy
10179,Samantha
10180,Andrea
10181,Mary
10182,Andrew
10183,Mary
10184,John
10185,Austin
10186,Mary
10187,Victoria
10188,Mary
10189,Harry
10190,Mary
10191,Victoria
10192,Kathryn
10193,Mary
10194,Bobby
10195,Mary
10196,Stephen
10197,Judith
10198,Mary
10199,Susan
10200,Nicole
10201,Debra
10202,Mary
10203,Anna
10204,Sean
10205,Mary
10206,Christopher
10207,Janet
10208,Roger
10209,Mary
10210,Patricia
10211,Jeffrey
10212,Mary
10213,Justin
10214,Raymond
10215,Lauren
10216,Mary
10217,Rose
10218,Mary
10219,Nicholas
10220,Gerald
10221,Mary
10222,Mark
10223,Mary
10224,Betty
10225,Diane
10226,Mary
10227,Mary
10228,Mark
10229,Madison
10230,Mary
10231,Michael
10232,Kenneth
10233,Mary
10234,William
10235,Joseph
10236,Christopher
10237,Margaret
10238,Mary
10239,Doris
10240,Mary
10241,Patricia
10242,Mary
10243,Donna
10244,Emily
10245,Mary
10246,Barbara
10247,Mary
10248,Charles
10249,Jennifer
10250,Martha
10251,Mary
10252,Carolyn
10253,Kyle
10254,Mary
10255,Shirley
10256,Mary
10257,Michael
10258,Joyce
10259,Mary
10260,Betty
10261,Bobby
10262,Mary
10263,Katherine
10264,Keith
10265,Mary
10266,Scott
10267,Mary
10268,Amy
10269,Mary
10270,Brenda
10271,Mary
10272,Jonathan
10273,Mary
10274,Scott
10275,Kelly
10276,Mary
10277,Ann
10278,Mary
10279,David
10280,Nicholas
10281,Lauren
10282,Mary
10283,Brian
10284,Mary
10285,Jason
10286,Wayne
10287,Mary
10288,Mark
10289,Virginia
10290,Jacob
10291,Ann
10292,Mary
10293,Aaron
10294,Mary
10295,Benjamin
10296,Mary
10297,Karen
10298,Albert
10299,Mary
10300,Daniel
10301,Jeremy
10302,Mary
10303,Shawn
10304,Mary
10305,Catherine
10306,Mary
10307,Bobby
10308,Mary
10309,Robert
10310,Virginia
10311,Joyce
10312,Evelyn
10313,Mary
10314,Andrew
10315,Mary
10316,Martha
10317,Mary
10318,Joan
10319,Mary
10320,David
10321,Shirley
10322,Mary
10323,Eric
10324,Mary
10325,Patricia
10326,Joshua
10327,Laura
10328,Mary
10329,Shawn
10330,Mary
10331,Megan
10332,Mary
10333,Mary
10334,Gary
10335,Heather
10336,Mary
10337,Edward
10338,Mary
10339,Steven
10340,Nicholas
10341,Mary
10342,William
10343,Melissa
10344,Mary
10345,Elizabeth
10346,Shawn
10347,Mary
10348,Alice
10349,Mary
10350,James
10351,Teresa
10352,Mary
10353,Harold
10354,Mary
10355,Dennis
10356,Mary
10357,Elizabeth
10358,Larry
10359,Sean
10360,Mary
10361,Barbara
10362,Mary
10363,Charles
10364,Mary
10365,Amy
10366,Samantha
10367,Mary
10368,Matthew
10369,Terry
10370,Mary
10371,Joseph
10372,Amber
10373,Mary
10374,Barbara
10375,Joan
10376,Mary
10377,Anna
10378,Mary
10379,Robert
10380,Mary
10381,Tyler
10382,Mary
10383,Martha
10384,Mary
10385,Jeffrey
10386,Theresa
10387,Mary
10388,William
10389,Daniel
10390,Anthony
10391,Mary
10392,Robert
10393,Barbara
10394,Mary
10395,Mary
10396,Steven
10397,Henry
10398,Mary
10399,Kevin
10400,Carl
10401,Mary
10402,Lori
10403,Mary
10404,Tyler
10405,Mary
10406,Michael
10407,William
10408,Sandra
10409,Alan
10410,Randy
10411,Mary
10412,Jean
10413,Mary
10414,William
10415,Melissa
10416,Mary
10417,Kyle
10418,Mary
10419,Jerry
10420,Mary
10421,Rebecca
10422,Mary
10423,Mary
10424,Beverly
10425,Mary
10426,Patrick
10427,Mary
10428,Tammy
10429,Mary
10430,Katherine
10431,Mary
10432,Mary
10433,Elizabeth
10434,Ann
10435,Mary
10436,Eric
10437,Mary
10438,Barbara
10439,Emma
10440,Mary
10441,Jesse
10442,Mary
10443,Eric
10444,Gregory
10445,Mary
10446,Christina
10447,Mary
10448,Nancy
10449,Mary
10450,Margaret
10451,Anthony
10452,Mary
10453,Elizabeth
10454,Anthony
10455,Kenneth
10456,Mary
10457,Elizabeth
10458,Mary
10459,Jason
10460,Mary
10461,Jessica
10462,Carolyn
10463,Mary
10464,Emily
10465,Cynthia
10466,Mary
10467,Janet
10468,Mary
10469,Melissa
10470,Crystal
10471,Mary
10472,Margaret
10473,Betty
10474,Benjamin
10475,Mary
10476,John
10477,Mary
10478,Aaron
10479,Mary
10480,Robert
10481,Nicole
10482,Mary
10483,Barbara
10484,Gregory
10485,Mary
10486,Ronald
10487,Juan
10488,Mary
10489,Jeffrey
10490,Brenda
10491,Nicole
10492,Mary
10493,Frances
10494,Mary
10495,Janet
10496,Mary
10497,Justin
10498,Mary
10499,Theresa
10500,Mary
10501,Jennifer
10502,Gloria
10503,Janice
10504,Mary
10505,Eugene
10506,Mary
10507,Nancy
10508,Angela
10509,Mary
10510,Kevin
10511,Katherine
10512,Mary
10513,Sandra
10514,Mary
10515,David
10516,Donald
10517,Mary
10518,Jesse
10519,Mary
10520,Jeremy
10521,Mary
10522,Andrew
10523,Mary
10524,Sharon
10525,Mary
10526,Margaret
10527,Billy
10528,Mary
10529,Barbara
10530,Mary
10531,Jennifer
10532,Mary
10533,Michael
10534,Mary
10535,Paul
10536,Michelle
10537,Mary
10538,Evelyn
10539,Mary
10540,Virginia
10541,Howard
10542,Mary
10543,Jonathan
10544,Mary
10545,Kenneth
10546,Mary
10547,Amy
10548,Mary
10549,Mary
10550,Elizabeth
10551,Jacqueline
10552,Mary
10553,Michael
10554,Justin
10555,Mary
10556,Mary
10557,Rebecca
10558,Christine
10559,Mary
10560,Diana
10561,Mary
10562,Bruce
10563,Mary
10564,Ralph
10565,Mary
10566,John
10567,Diana
10568,Terry
10569,Mary
10570,William
10571,Sharon
10572,Mary
10573,Roger
10574,Phillip
10575,Mary
10576,Richard
10577,Jennifer
10578,Karen
10579,Mary
10580,Andrew
10581,Timothy
10582,Mary
10583,Ryan
10584,Mary
10585,Michael
10586,Anna
10587,Mary
10588,Jessica
10589,Mary
10590,James
10591,Deborah
10592,Ethan
10593,Mary
10594,Pamela
10595,Mary
10596,David
10597,Elizabeth
10598,Jason
10599,Mary
10600,David
10601,Patrick
10602,Mary
10603,Mary
10604,Jennifer
10605,Elizabeth
10606,Mary
10607,Matthew
10608,Ralph
10609,Mary
10610,Nancy
10611,Laura
10612,Anna
10613,Mary
10614,James
10615,Angela
10616,Mary
10617,Ruth
10618,Mary
10619,Shirley
10620,Mary
10621,Kevin
10622,Mary
10623,Joshua
10624,Mary
10625,Mark
10626,Emma
10627,Jerry
10628,Mary
10629,Robert
10630,Karen
10631,Frances
10632,Mary
10633,Joyce
10634,Mary
10635,Donna
10636,Mary
10637,Matthew
10638,Laura
10639,Mary
10640,Julie
10641,Mary
10642,James
10643,Katherine
10644,Larry
10645,Julie
10646,Mary
10647,Amy
10648,Mary
10649,Helen
10650,Donna
10651,Anna
10652,Tammy
10653,Mary
10654,Jacob
10655,Larry
10656,Mary
10657,Bryan
10658,Mary
10659,Barbara
10660,Zachary
10661,Mary
10662,Karen
10663,Nathan
10664,Mary
10665,Sean
10666,Mary
10667,Walter
10668,Mary
10669,Michael
10670,Mary
10671,Timothy
10672,Mary
10673,William
10674,George
10675,Brenda
10676,Madison
10677,Mary
10678,Martha
10679,Mary
10680,Amy
10681,Mary
10682,Phillip
10683,Mary
10684,John
10685,Amy
10686,Mary
10687,George
10688,Pamela
10689,Mary
10690,Michael
10691,Charles
10692,Sharon
10693,Andrea
10694,Mary
10695,Andrew
10696,Mary
10697,Jennifer
10698,Bobby
10699,Mary
10700,John
10701,Amanda
10702,Mary
10703,Richard
10704,Judith
10705,Mary
10706,Joshua
10707,Mary
10708,Diana
10709,Mary
10710,Rebecca
10711,Cynthia
10712,Ann
10713,Mary
10714,Samuel
10715,Mary
10716,John
10717,Kelly
10718,Mary
10719,Andrew
10720,Judith
10721,Mary
10722,Donna
10723,Theresa
10724,Mary
10725,Martha
10726,Mary
10727,Paul
10728,Gloria
10729,Mary
10730,Rachel
10731,Mary
10732,Melissa
10733,Mary
10734,Emily
10735,Albert
10736,Mary
10737,Michael
10738,Joshua
10739,Doris
10740,Mary
10741,Gary
10742,Mary
10743,John
10744,Samantha
10745,Mary
10746,Laura
10747,Mary
10748,Mark
10749,Mary
10750,Jessica
10751,Amber
10752,Mary
10753,Gregory
10754,Mary
10755,Mark
10756,Mary
10757,James
10758,Steven
10759,Douglas
10760,Mary
10761,David
10762,Stephanie
10763,Angela
10764,Janet
10765,Mary
10766,Rose
10767,Mary
10768,Lawrence
10769,Mary
10770,Anna
10771,Aaron
10772,Mary
10773,Christopher
10774,Kenneth
10775,Mary
10776,Amy
10777,Martha
10778,Mary
10779,Christine
10780,Mary
10781,Andrea
10782,Mary
10783,Linda
10784,Raymond
10785,Mary
10786,Jose
10787,Mary
10788,Kenneth
10789,Kimberly
10790,Stephen
10791,Mary
10792,Frank
10793,Diane
10794,Mary
10795,William
10796,Debra
10797,Mary
10798,Grace
10799,Jane
10800,Mary
10801,Ryan
10802,Mary
10803,Laura
10804,Austin
10805,Mary
10806,Scott
10807,Benjamin
10808,Mary
10809,Brandon
10810,Mary
10811,Joshua
10812,Mary
10813,Patricia
10814,Carol
10815,Dennis
10816,Henry
10817,Mary
10818,James
10819,Michelle
10820,Brenda
10821,Mary
10822,Mary
10823,Angela
10824,Mary
10825,John
10826,Mary
10827,Janice
10828,Mary
10829,Anthony
10830,Mary
10831,Larry
10832,Mary
10833,Mary
10834,Susan
10835,Mary
10836,Sean
10837,Mary
10838,Kathryn
10839,Mary
10840,Betty
10841,Mary
10842,Ashley
10843,Cynthia
10844,Mary
10845,John
10846,Danielle
10847,Mary
10848,Michelle
10849,Hannah
10850,Mary
10851,Dylan
10852,Mary
10853,Michelle
10854,Mary
10855,Megan
10856,Mary
10857,John
10858,Janet
10859,Jean
10860,Mary
10861,Barbara
10862,Mary
10863,Kimberly
10864,Jason
10865,Albert
10866,Mary
10867,David
10868,Helen
10869,Nicole
10870,Mary
10871,Teresa
10872,Amber
10873,Mary
10874,Judy
10875,Mary
10876,William
10877,Mary
10878,Emily
10879,Maria
10880,Mary
10881,Linda
10882,Mary
10883,Catherine
10884,Zachary
10885,Mary
10886,Scott
10887,Gregory
10888,Mary
10889,Sarah
10890,Doris
10891,Mary
10892,David
10893,Lisa
10894,Mary
10895,Mary
10896,Victoria
10897,Mary
10898,James
10899,William
10900,Jennifer
10901,Donald
10902,Mary
10903,Mary
10904,Mary
10905,Lisa
10906,Mary
10907,John
10908,Jessica
10909,Paul
10910,Michelle
10911,Teresa
10912,Mary
10913,Mary
10914,Christopher
10915,Andrew
10916,Randy
10917,Mary
10918,James
10919,Shirley
10920,Mary
10921,Jerry
10922,Mary
10923,Thomas
10924,Steven
10925,Marie
10926,Mary
10927,Jessica
10928,Sharon
10929,Mary
10930,Gerald
10931,Mary
10932,Michael
10933,Barbara
10934,Tiffany
10935,Ralph
10936,Johnny
10937,Mary
10938,Carolyn
10939,Sean
10940,Mary
10941,Charles
10942,Donald
10943,Mary
10944,Brittany
10945,Mary
10946,Susan
10947,Eric
10948,Mary
10949,Zachary
10950,Mary
10951,Austin
10952,Mary
10953,Kevin
10954,Mary
10955,Jose
10956,Mary
10957,Jessica
10958,Joan
10959,Mary
10960,Danielle
10961,Mary
10962,David
10963,Amber
10964,Mary
10965,Robert
10966,Martha
10967,Alexander
10968,Diana
10969,Mary
10970,David
10971,Peter
10972,Mary
10973,Debra
10974,Mary
10975,Martha
10976,Mary
10977,Debra
10978,Mary
10979,Raymond
10980,Victoria
10981,Mary
10982,Joan
10983,Mary
10984,Joseph
10985,Samantha
10986,Mary
10987,Stephen
10988,Mary
10989,Kenneth
10990,Alice
10991,Mary
10992,Barbara
10993,Mary
10994,Michael
10995,Joe
10996,Mary
10997,Bobby
10998,Mary
10999,Crystal
11000,Mary
11001,Jean
11002,Alexander
11003,Mary
11004,Elizabeth
11005,Christian
11006,Mary
11007,Virginia
11008,Mary
11009,Christopher
11010,Brittany
11011,Mary
11012,Mary
11013,Andrew
11014,Heather
11015,Mary
11016,George
11017,Rachel
11018,Bruce
11019,Mary
11020,Laura
11021,Brenda
11022,Carolyn
11023,Mary
11024,Philip
11025,Mary
11026,Ashley
11027,Teresa
11028,Mary
11029,Joan
11030,Mary
11031,Kyle
11032,Mary
11033,Matthew
11034,Mary
11035,Evelyn
11036,Bobby
11037,Mary
11038,Arthur
11039,Mary
11040,Hannah
11041,Walter
11042,Mary
11043,John
11044,Daniel
11045,Paul
11046,Scott
11047,Mary
11048,Randy
11049,Mary
11050,Karen
11051,Edward
11052,Jason
11053,Mary
11054,Henry
11055,Mary
11056,Larry
11057,Mary
11058,Charles
11059,Mary
11060,Robert
11061,Joseph
11062,Shawn
11063,Mary
11064,Mark
11065,Aaron
11066,Mary
11067,Anthony
11068,Roger
11069,Mary
11070,Beverly
11071,Mary
11072,Nathan
11073,Mary
11074,Roy
11075,Mary
11076,Robert
11077,Andrew
11078,Donna
11079,Russell
11080,Mary
11081,William
11082,Joseph
11083,Evelyn
11084,Mary
11085,Christopher
11086,Lauren
11087,Mary
11088,Theresa
11089,Mary
11090,John
11091,Joan
11092,Mary
11093,Dorothy
11094,Rose
11095,Mary
11096,Carol
11097,Mary
11098,Raymond
11099,Mary
11100,Barbara
11101,Dylan
11102,Mary
11103,Jennifer
11104,Daniel
11105,Jason
11106,Mary
11107,Melissa
11108,Mary
11109,William
11110,Jean
11111,Mary
11112,Jessica
11113,Jacqueline
11114,Mary
11115,Michelle
11116,Mary
11117,Peter
11118,Mary
11119,Doris
11120,Mary
11121,Ronald
11122,Mary
11123,Samantha
11124,Mary
11125,Edward
11126,Joe
11127,Mary
11128,Timothy
11129,Danielle
11130,Mary
11131,Mary
11132,Jonathan
11133,Mary
11134,Robert
11135,Michelle
11136,Gloria
11137,Mary
11138,William
11139,Brenda
11140,Mary
11141,Christopher
11142,Sharon
11143,Mary
11144,Jose
11145,Mary
11146,Jason
11147,Mary
11148,Lisa
11149,Roy
11150,Mary
11151,Harold
11152,Mary
11153,Brian
11154,Pamela
11155,Mary
11156,Jessica
11157,Mary
11158,Andrew
11159,Mary
11160,Rachel
11161,Mary
11162,James
11163,Jane
11164,Mary
11165,John
11166,Crystal
11167,Mary
11168,Cynthia
11169,Kyle
11170,Mary
11171,Richard
11172,Mary
11173,Kathleen
11174,Teresa
11175,Mary
11176,Rachel
11177,Mary
11178,Laura
11179,Mary
11180,Lisa
11181,Mary
11182,Sharon
11183,Mary
11184,Jennifer
11185,Barbara
11186,Betty
11187,Mary
11188,Rebecca
11189,Mary
11190,Billy
11191,Mary
11192,Andrew
11193,Rachel
11194,Frances
11195,Jacqueline
11196,Willie
11197,Mary
11198,Samuel
11199,Mary
11200,Shirley
11201,Wayne
11202,Mary
11203,David
11204,Marie
11205,Mary
11206,Kevin
11207,Gerald
11208,Mary
11209,Grace
11210,Olivia
11211,Mary
11212,Thomas
11213,Mary
11214,Joseph
11215,Tiffany
11216,Mary
11217,James
11218,Louis
11219,Mary
11220,Jeffrey
11221,Mary
11222,Charles
11223,Gary
11224,Mary
11225,Michael
11226,Amanda
11227,Mary
11228,Michael
11229,Diane
11230,Sara
11231,Mary
11232,Denise
11233,Mary
11234,Martha
11235,Judy
11236,Mary
11237,Zachary
11238,Mary
11239,Debra
11240,Dennis
11241,Mary
11242,Brandon
11243,Mary
11244,John
11245,Debra
11246,Mary
11247,Wayne
11248,Mary
11249,Madison
11250,Mary
11251,Pamela
11252,Christian
11253,Mary
11254,Sharon
11255,Mary
11256,David
11257,Heather
11258,Mary
11259,John
11260,Mary
11261,Robert
11262,Laura
11263,Mary
11264,George
11265,Alexander
11266,Mary
11267,Dorothy
11268,Cynthia
11269,Mary
11270,Vincent
11271,Mary
11272,Rose
11273,Mary
11274,Mary
11275,Kyle
11276,Mary
11277,Nicole
11278,Brandon
11279,Mary
11280,James
11281,Janet
11282,Maria
11283,Mary
11284,Sarah
11285,Christian
11286,Mary
11287,Richard
11288,Cynthia
11289,Mary
11290,Catherine
11291,Mary
11292,William
11293,Shirley
11294,Phillip
11295,Mary
11296,Julie
11297,Mary
11298,Anthony
11299,Henry
11300,Mary
11301,Helen
11302,Joyce
11303,Mary
11304,Alexander
11305,Mary
11306,Gerald
11307,Mary
11308,Angela
11309,Mary
11310,Kenneth
11311,Julie
11312,Gregory
11313,Mary
11314,Ashley
11315,Kimberly
11316,Jonathan
11317,Ethan
11318,Mary
11319,Ronald
11320,Mary
11321,Linda
11322,Gary
11323,Mary
11324,Martha
11325,Mary
11326,Keith
11327,Mary
11328,Patricia
11329,Hannah
11330,Arthur
11331,Mary
11332,Denise
11333,Mary
11334,Benjamin
11335,Mary
11336,Lauren
11337,Mary
11338,Paul
11339,Mary
11340,Michael
11341,Mary
11342,Steven
11343,Julie
11344,Mary
11345,John
11346,Steven
11347,Ruth
11348,Beverly
11349,Mary
11350,Brittany
11351,Mary
11352,Doris
11353,Mary
11354,Lauren
11355,Mary
11356,Sean
11357,Mary
11358,Shirley
11359,Mary
11360,Jesse
11361,Mary
11362,Michael
11363,Frank
11364,Jacqueline
11365,Mary
11366,Catherine
11367,Mary
11368,Daniel
11369,Mary
11370,James
11371,Sarah
11372,Mary
11373,William
11374,Stephen
11375,Mary
11376,Charles
11377,Brandon
11378,Mary
11379,Kathleen
11380,Jane
11381,Mary
11382,Richard
11383,Elizabeth
11384,Marie
11385,Mary
11386,Edward
11387,Larry
11388,Mary
11389,Eugene
11390,Mary
11391,Richard
11392,Mary
11393,Steven
11394,Vincent
11395,Mary
11396,Elizabeth
11397,Mary
11398,Brian
11399,Mary
11400,Frances
11401,Mary
11402,Angela
11403,Mary
11404,Helen
11405,Mary
11406,James
11407,Steven
11408,Vincent
11409,Mary
11410,Catherine
11411,Kyle
11412,Mary
11413,Amanda
11414,Mary
11415,George
11416,Mary
11417,Kenneth
11418,Mary
11419,Jessica
11420,Pamela
11421,Tiffany
11422,Mary
11423,Gary
11424,Janet
11425,Kathy
11426,Mary
11427,Deborah
11428,Raymond
11429,Janice
11430,Mary
11431,Willie
11432,Mary
11433,Peter
11434,Mary
11435,Amber
11436,Mary
11437,Jason
11438,Mary
11439,Matthew
11440,Gloria
11441,Mary
11442,Adam
11443,Mary
11444,Kathleen
11445,Danielle
11446,Mary
11447,Steven
11448,Mary
11449,Barbara
11450,Donald
11451,Mary
11452,Kathleen
11453,Mary
11454,Ethan
11455,Mary
11456,Michael
11457,Jonathan
11458,Rachel
11459,Mary
11460,Richard
11461,Kevin
11462,Debra
11463,Mary
11464,Timothy
11465,Mary
11466,Jennifer
11467,Hannah
11468,Mary
11469,Judy
11470,Mary
11471,Christopher
11472,Nicole
11473,Mary
11474,Willie
11475,Mary
11476,Linda
11477,Kenneth
11478,Pamela
11479,Debra
11480,Mary
11481,Walter
11482,Mary
11483,Zachary
11484,Mary
11485,Jean
11486,Mary
11487,Cheryl
11488,Mary
11489,Dorothy
11490,Mary
11491,David
11492,Evelyn
11493,Julia
11494,Harry
11495,Mary
11496,Melissa
11497,Mary
11498,Scott
11499,Mary
11500,Mary
11501,Larry
11502,Mary
11503,Juan
11504,Mary
11505,Michael
11506,Sara
11507,Mary
11508,Mary
11509,Sharon
11510,Ryan
11511,Albert
11512,Mary
11513,David
11514,Shirley
11515,Mary
11516,Kevin
11517,Kathy
11518,Mary
11519,Karen
11520,Mary
11521,Janice
11522,Roy
11523,Mary
11524,Phillip
11525,Mary
11526,Dorothy
11527,Karen
11528,Kathleen
11529,Mary
11530,Richard
11531,Barbara
11532,Janice
11533,Peter
11534,Mary
11535,Dorothy
11536,Justin
11537,Lori
11538,Christian
11539,Mary
11540,Doris
11541,Marie
11542,Mary
11543,Eric
11544,Diane
11545,Mary
11546,Mary
11547,Sarah
11548,Hannah
11549,Mary
11550,Nathan
11551,Lawrence
11552,Mary
11553,Mary
11554,Hannah
11555,Mary
11556,Hannah
11557,Mary
11558,Joyce
11559,Mary
11560,Walter
11561,Billy
11562,Mary
11563,Samuel
11564,Mary
11565,Rose
11566,Marilyn
11567,Mary
11568,Stephen
11569,Mary
11570,Mary
11571,Kimberly
11572,Mary
11573,Judy
11574,Mary
11575,William
11576,Richard
11577,Mary
11578,Joseph
11579,Mary
11580,Cynthia
11581,Mary
11582,Debra
11583,Mary
11584,Jeffrey
11585,Mary
11586,Nancy
11587,Alice
11588,Lawrence
11589,Mary
11590,Mark
11591,Ann
11592,Mary
11593,Joan
11594,Mary
11595,Zachary
11596,Mary
11597,Mildred
11598,Kathy
11599,Mary
11600,Jean
11601,Crystal
11602,Mary
11603,Theresa
11604,Mary
11605,Cynthia
11606,Mary
11607,Robert
11608,Patricia
11609,Alice
11610,Mary
11611,Margaret
11612,Mary
11613,Diane
11614,Zachary
11615,Mary
11616,Carol
11617,Mary
11618,Tammy
11619,Mary
11620,Ashley
11621,Kyle
11622,Mary
11623,Patricia
11624,Rachel
11625,Mary
11626,Debra
11627,Mary
11628,Jennifer
11629,Cynthia
11630,Mary
11631,Jennifer
11632,Mary
11633,Jane
11634,Ethan
11635,Mary
11636,Patrick
11637,Mary
11638,Ruth
11639,Teresa
11640,Jose
11641,Mary
11642,James
11643,Paul
11644,Mildred
11645,Mary
11646,Joe
11647,Mary
11648,Angela
11649,Wayne
11650,Mary
11651,Frank
11652,Mary
11653,William
11654,Michelle
11655,Ruth
11656,Mary
11657,Michelle
11658,Mary
11659,Steven
11660,Mary
11661,Johnny
11662,Mary
11663,Emily
11664,Mary
11665,William
11666,Johnny
11667,Mary
11668,Jean
11669,Mary
11670,Jerry
11671,Mary
11672,Charles
11673,Donald
11674,Christina
11675,Mary
11676,Anna
11677,Christine
11678,Olivia
11679,Mary
11680,Emma
11681,Roy
11682,Mary
11683,James
11684,Denise
11685,Mary
11686,Margaret
11687,Mary
11688,Richard
11689,Samantha
11690,Mary
11691,Cheryl
11692,Mary
11693,Mary
11694,Margaret
11695,Kathryn
11696,Mary
11697,Jessica
11698,Julie
11699,Mary
11700,Ruth
11701,Mary
11702,Tiffany
11703,Mary
11704,John
11705,Ann
11706,Mary
11707,Carol
11708,Laura
11709,Mary
11710,Jacob
11711,Mary
11712,Edward
11713,Mary
11714,Larry
11715,Mary
11716,Robert
11717,Larry
11718,Scott
11719,Kelly
11720,Mary
11721,Karen
11722,Donna
11723,Laura
11724,Mary
11725,Elizabeth
11726,Gloria
11727,Mary
11728,Laura
11729,Christine
11730,Mary
11731,Scott
11732,Mary
11733,Christopher
11734,Lori
11735,Mary
11736,Jeffrey
11737,Mary
11738,Samuel
11739,Mary
11740,Jacob
11741,Mary
11742,Victoria
11743,Alexander
11744,Mary
11745,George
11746,Frances
11747,Mary
11748,James
11749,William
11750,Cynthia
11751,Mary
11752,Michael
11753,Richard
11754,Aaron
11755,Mary
11756,Linda
11757,Mary
11758,Gerald
11759,Mary
11760,Patricia
11761,Lauren
11762,Mary
11763,Rose
11764,Mary
11765,Steven
11766,Mary
11767,Joshua
11768,Virginia
11769,Mary
11770,James
11771,Donald
11772,Mary
11773,Alexander
11774,Mary
11775,Heather
11776,Mary
11777,Melissa
11778,Mary
11779,John
11780,Karen
11781,Paul
11782,Michelle
11783,Maria
11784,Mary
11785,Stephanie
11786,Mary
11787,David
11788,Dennis
11789,Mary
11790,Janet
11791,Mary
11792,Mary
11793,Thomas
11794,Anthony
11795,Eugene
11796,Mary
11797,Kimberly
11798,Ralph
11799,Mary
11800,James
11801,Shirley
11802,Mary
11803,Katherine
11804,Mary
11805,Anthony
11806,Mildred
11807,Mary
11808,Sharon
11809,Eric
11810,Bruce
11811,Mary
11812,Margaret
11813,Mary
11814,Jack
11815,Mary
11816,Tammy
11817,Mary
11818,John
11819,Jerry
11820,Walter
11821,Mary
11822,Christian
11823,Mary
11824,Stephanie
11825,Mary
11826,Barbara
11827,Mary
11828,Dorothy
11829,Steven
11830,Mary
11831,Jacob
11832,Sara
11833,Mary
11834,Betty
11835,Tammy
11836,Mary
11837,Stephanie
11838,Zachary
11839,Mary
11840,Helen
11841,Virginia
11842,Mary
11843,Michelle
11844,Pamela
11845,Mary
11846,Kathryn
11847,Mary
11848,Karen
11849,Mary
11850,Deborah
11851,Mary
11852,Scott
11853,Mary
11854,Evelyn
11855,Mary
11856,Helen
11857,Judy
11858,Mary
11859,William
11860,David
11861,Brittany
11862,Mary
11863,James
11864,Cheryl
11865,Marilyn
11866,Mary
11867,Richard
11868,Mary
11869,Thomas
11870,Rachel
11871,Mary
11872,Janet
11873,Joe
11874,Mary
11875,Joseph
11876,Mary
11877,Jeffrey
11878,Mary
11879,Andrea
11880,Mary
11881,Maria
11882,Mary
11883,Steven
11884,Evelyn
11885,Philip
11886,Mary
11887,Christopher
11888,Frank
11889,Mary
11890,Kenneth
11891,Ashley
11892,Diana
11893,Mary
11894,John
11895,Timothy
11896,Mary
11897,Virginia
11898,Debra
11899,Mary
11900,Bryan
11901,Mary
11902,Catherine
11903,Ann
11904,Mary
11905,Christina
11906,Mary
11907,Stephen
11908,Judith
11909,Mary
11910,Donna
11911,Willie
11912,Mary
11913,James
11914,William
11915,Janet
11916,Mary
11917,Matthew
11918,Steven
11919,Bobby
11920,Mary
11921,Thomas
11922,Donald
11923,Harry
11924,Mary
11925,James
11926,Sarah
11927,Mary
11928,Sharon
11929,Amy
11930,Mary
11931,Elizabeth
11932,Mary
11933,Maria
11934,Mary
11935,Madison
11936,Mary
11937,Michael
11938,Laura
11939,Mary
11940,Richard
11941,Jeffrey
11942,Mary
11943,William
11944,Tammy
11945,Mary
11946,Grace
11947,Mary
11948,Jennifer
11949,Mary
11950,Daniel
11951,Steven
11952,Mary
11953,Willie
11954,Mary
11955,William
11956,Alan
11957,Mary
11958,Barbara
11959,Kimberly
11960,Ryan
11961,Alexander
11962,Diana
11963,Mary
11964,Richard
11965,Emma
11966,Hannah
11967,Mary
11968,Emily
11969,Mary
11970,Matthew
11971,Donald
11972,Henry
11973,Mary
11974,Susan
11975,Mary
11976,Robert
11977,Michael
11978,Jeffrey
11979,Brandon
11980,Samuel
11981,Mary
11982,Ethan
11983,Mary
11984,Richard
11985,Jennifer
11986,Gerald
11987,Mary
11988,Judy
11989,Mary
11990,Linda
11991,Sara
11992,Mary
11993,Amber
11994,Crystal
11995,Mary
11996,Joseph
11997,Jonathan
11998,Mary
11999,Johnny
12000,Mary
12001,Christopher
12002,Nicholas
12003,Mary
12004,Marie
12005,Mary
12006,Anna
12007,Alan
12008,Mary
12009,Matthew
12010,Melissa
12011,Olivia
12012,Mary
12013,Katherine
12014,Samantha
12015,Vincent
12016,Mary
12017,Sandra
12018,Raymond
12019,Mary
12020,Dorothy
12021,Gregory
12022,Mary
12023,Olivia
12024,Mary
12025,Linda
12026,George
12027,Mary
12028,Steven
12029,Mary
12030,Linda
12031,Ashley
12032,Mary
12033,Aaron
12034,Mary
12035,William
12036,Jacob
12037,Mary
12038,Patricia
12039,Mary
12040,Thomas
12041,Gary
12042,Doris
12043,Alexander
12044,Mary
12045,Jeffrey
12046,Joyce
12047,Mary
12048,Richard
12049,Mildred
12050,Mary
12051,Ethan
12052,Mary
12053,Wayne
12054,Mary
12055,Emily
12056,Jacob
12057,Tyler
12058,Mary
12059,Shawn
12060,Mary
12061,Ruth
12062,Nicholas
12063,Larry
12064,Tammy
12065,Mary
12066,Kevin
12067,Mary
12068,Mary
12069,Brittany
12070,Mary
12071,Henry
12072,Mary
12073,Mildred
12074,Mary
12075,Aaron
12076,Mary
12077,Thomas
12078,Mary
12079,Donna
12080,Mary
12081,Margaret
12082,Stephanie
12083,Mary
12084,Jennifer
12085,Mark
12086,Mary
12087,Anna
12088,Mary
12089,Ruth
12090,Mary
12091,Lisa
12092,Mary
12093,Barbara
12094,Mary
12095,Michael
12096,Amber
12097,Mary
12098,Ashley
12099,Mary
12100,Richard
12101,Samantha
12102,Johnny
12103,Mary
12104,Joseph
12105,Tammy
12106,Mary
12107,Sharon
12108,Gloria
12109,Mary
12110,Lisa
12111,Amber
12112,Mary
12113,Jordan
12114,Mary
12115,Lawrence
12116,Mary
12117,Helen
12118,Mary
12119,Barbara
12120,Pamela
12121,Beverly
12122,Mary
12123,Jeremy
12124,Mary
12125,Lauren
12126,Phillip
12127,Mary
12128,Jeremy
12129,Mary
12130,Brian
12131,Douglas
12132,Mary
12133,Nicholas
12134,Mary
12135,Danielle
12136,Mary
12137,Eugene
12138,Mary
12139,Brian
12140,Lauren
12141,Mary
12142,Anthony
12143,Gary
12144,Mary
12145,Joyce
12146,Mary
12147,Kathleen
12148,Andrea
12149,Mary
12150,Paul
12151,Vincent
12152,Mary
12153,James
12154,Kevin
12155,Catherine
12156,Mary
12157,Rose
12158,Mary
12159,Emma
12160,Martha
12161,Mary
12162,Larry
12163,Mary
12164,Robert
12165,Christine
12166,Mary
12167,Christopher
12168,Christine
12169,Mary
12170,Matthew
12171,Joyce
12172,Sara
12173,Adam
12174,Mary
12175,Amanda
12176,Mary
12177,Brenda
12178,Mary
12179,Keith
12180,Mary
12181,Barbara
12182,Ruth
12183,Kathryn
12184,Mary
12185,Debra
12186,Gloria
12187,Mary
12188,Donald
12189,Judith
12190,Mary
12191,Michael
12192,Mary
12193,Helen
12194,Donna
12195,Brenda
12196,Mary
12197,Daniel
12198,Peter
12199,Mary
12200,Sean
12201,Mary
12202,Nicholas
12203,Mary
12204,Willie
12205,Roy
12206,Mary
12207,Jose
12208,Mary
12209,Jerry
12210,Mary
12211,David
12212,Nathan
12213,Mary
12214,Jennifer
12215,Mary
12216,Ann
12217,Mary
12218,Judith
12219,Beverly
12220,Mary
12221,Betty
12222,Mary
12223,Brian
12224,Mary
12225,Helen
12226,Nicholas
12227,Mary
12228,Amy
12229,Rachel
12230,Mary
12231,Steven
12232,Mary
12233,Karen
12234,Mary
12235,Jane
12236,Howard
12237,Mary
12238,Rebecca
12239,Crystal
12240,Mary
12241,Mary
12242,Thomas
12243,Sharon
12244,Cynthia
12245,Mary
12246,Anthony
12247,Brittany
12248,Mary
12249,Susan
12250,Eric
12251,Mary
12252,Carol
12253,Mary
12254,Donna
12255,Mary
12256,Victoria
12257,Mary
12258,Kevin
12259,Mary
12260,Melissa
12261,Mary
12262,Michael
12263,Larry
12264,Olivia
12265,Mary
12266,Cynthia
12267,Mary
12268,Harry
12269,Mary
12270,Dylan
12271,Mary
12272,Robert
12273,Mary
12274,Joyce
12275,Mary
12276,Martha
12277,Mary
12278,Karen
12279,Mary
12280,John
12281,Scott
12282,Mary
12283,Willie
12284,Mary
12285,Patrick
12286,Mary
12287,Robert
12288,Karen
12289,Andrea
12290,Mary
12291,Jennifer
12292,Doris
12293,Mary
12294,Theresa
12295,Mary
12296,Anna
12297,Mary
12298,Mary
12299,Randy
12300,Mary
12301,John
12302,Donald
12303,Mary
12304,David
12305,Stephanie
12306,Juan
12307,Mary
12308,Joseph
12309,Barbara
12310,Ralph
12311,Mary
12312,Jessica
12313,Andrea
12314,Bruce
12315,Mary
12316,Kathy
12317,Shawn
12318,Mary
12319,Laura
12320,Mary
12321,Helen
12322,Mary
12323,Steven
12324,Ruth
12325,Tyler
12326,Mary
12327,Emily
12328,Mary
12329,Scott
12330,Mary
12331,Matthew
12332,Kelly
12333,Mary
12334,Michael
12335,Mary
12336,Joe
12337,Mary
12338,Michael
12339,William
12340,Patricia
12341,Roy
12342,Mary
12343,Timothy
12344,Mary
12345,Phillip
12346,Mary
12347,Ralph
12348,Alan
12349,Mary
12350,Henry
12351,Jose
12352,Sean
12353,Mary
12354,Brenda
12355,Victoria
12356,Rose
12357,Harry
12358,Mary
12359,Melissa
12360,Mary
12361,Janet
12362,Mary
12363,Kimberly
12364,Judy
12365,Mary
12366,Mary
12367,Patricia
12368,Alice
12369,Mary
12370,Johnny
12371,Mary
12372,Rachel
12373,Mary
12374,Frances
12375,Bruce
12376,Mary
12377,James
12378,Sara
12379,Mary
12380,Jacqueline
12381,Mary
12382,Jennifer
12383,Joyce
12384,Raymond
12385,Mary
12386,Ruth
12387,Mary
12388,Donna
12389,Kimberly
12390,Joshua
12391,Evelyn
12392,Alan
12393,Mary
12394,Samantha
12395,Mary
12396,Rachel
12397,Mary
12398,Charles
12399,Phillip
12400,Mary
12401,Angela
12402,Mary
12403,Richard
12404,Mary
12405,Ashley
12406,Mary
12407,Megan
12408,Randy
12409,Mary
12410,Bryan
12411,Mary
12412,Cynthia
12413,Amy
12414,Mary
12415,Joyce
12416,Aaron
12417,Mary
12418,Linda
12419,Jane
12420,Nathan
12421,Kyle
12422,Mary
12423,Stephen
12424,Judy
12425,Mary
12426,Jordan
12427,Mary
12428,Jeffrey
12429,Mary
12430,Hannah
12431,Mary
12432,Angela
12433,Benjamin
12434,Mary
12435,Laura
